title,title_type,genre,runtime,mpaa_rating,studio,thtr_rel_year,thtr_rel_month,thtr_rel_day,dvd_rel_year,dvd_rel_month,dvd_rel_day,imdb_rating,imdb_num_votes,critics_rating,critics_score,audience_rating,audience_score,best_pic_nom,best_pic_win,best_actor_win,best_actress_win,best_dir_win,top200_box,director,actor1,actor2,actor3,actor4,actor5,imdb_url,rt_url
Filly Brown,Feature Film,Drama,80,R,Indomina Media Inc.,2013,4,19,2013,7,30,5.5,899,Rotten,45,Upright,73,no,no,no,no,no,no,Michael D. Olmos,Gina Rodriguez,Jenni Rivera,Lou Diamond Phillips,Emilio Rivera,Joseph Julian Soria,http://www.imdb.com/title/tt1869425/,//www.rottentomatoes.com/m/filly_brown_2012/
The Dish,Feature Film,Drama,101,PG-13,Warner Bros. Pictures,2001,3,14,2001,8,28,7.3,12285,Certified Fresh,96,Upright,81,no,no,no,no,no,no,Rob Sitch,Sam Neill,Kevin Harrington,Patrick Warburton,Tom Long,Genevieve Mooy,http://www.imdb.com/title/tt0205873/,//www.rottentomatoes.com/m/dish/
The Age of Innocence,Feature Film,Drama,139,PG,Columbia Pictures,1993,10,1,2001,11,6,7.2,35096,Certified Fresh,80,Upright,76,no,no,yes,no,yes,no,Martin Scorsese,Daniel Day-Lewis,Michelle Pfeiffer,Winona Ryder,Richard E. Grant,Alec McCowen,http://www.imdb.com/title/tt0106226/,//www.rottentomatoes.com/m/age_of_innocence/
Lady Jane,Feature Film,Drama,142,PG-13,Paramount Home Video,1986,1,1,2003,2,18,7.2,5016,Rotten,57,Upright,76,no,no,no,no,no,no,Trevor Nunn,Cary Elwes,John Wood,Michael Hordern,Jill Bennett II,Helena Bonham Carter,http://www.imdb.com/title/tt0091374/,//www.rottentomatoes.com/m/lady_jane/
Mad Dog Time,Feature Film,Drama,93,R,MGM/United Artists,1996,11,8,2004,3,2,5.5,2272,Rotten,17,Spilled,47,no,no,yes,no,no,no,Larry Bishop,Richard Dreyfuss,Jeff Goldblum,Gabriel Byrne,Ellen Barkin,Diane Lane,http://www.imdb.com/title/tt0116953/,//www.rottentomatoes.com/m/mad_dog_time/
The Snowtown Murders,Feature Film,Drama,119,Unrated,IFC Films,2012,3,2,2012,8,14,6.6,12496,Certified Fresh,83,Upright,66,no,no,no,no,no,no,Justin Kurzel,Lucas Pittaway,Daniel Henshall,Louise Harris,Craig Coyne,Richard Green,http://www.imdb.com/title/tt1680114/,//www.rottentomatoes.com/m/the_snowtown_murders/
Leap of Faith,Feature Film,Drama,108,PG-13,Paramount Home Video,1992,12,18,2003,9,23,6,9669,Fresh,67,Spilled,46,no,no,no,no,no,no,Richard Pearce,Steve Martin,Debra Winger,Lolita Davidovich,Liam Neeson,Lukas Haas,http://www.imdb.com/title/tt0104695/,//www.rottentomatoes.com/m/1042059-leap_of_faith/
Burn After Reading,Feature Film,Drama,96,R,Focus Features,2008,8,27,2008,12,21,7,240033,Certified Fresh,78,Upright,64,no,no,no,yes,yes,no,Joel Coen,George Clooney,Frances McDormand,John Malkovich,Brad Pitt,Tilda Swinton,http://www.imdb.com/title/tt0887883/,//www.rottentomatoes.com/m/burn_after_reading/
The Doors,Feature Film,Drama,140,R,Sony Pictures Home Entertainment,1991,3,1,1997,8,19,7.2,66489,Rotten,54,Upright,80,no,no,no,no,yes,no,Oliver Stone,Val Kilmer,Meg Ryan,Kevin Dillon,Kyle MacLachlan,Frank Whaley,http://www.imdb.com/title/tt0101761/,//www.rottentomatoes.com/m/doors/
The Wood,Feature Film,Drama,106,R,Paramount Pictures,1999,7,16,2000,1,18,6.9,6336,Fresh,61,Upright,92,no,no,no,no,no,no,Rick Famuyiwa,Omar Epps,Sean Nelson,Taye Diggs,Trent Cameron,Richard T. Jones,http://www.imdb.com/title/tt0161100/,//www.rottentomatoes.com/m/wood/
Dragon Wars,Feature Film,Drama,90,PG-13,Sony Pictures Home Entertainment,2007,9,13,2008,1,8,3.6,21268,Rotten,29,Spilled,19,no,no,no,no,no,no,Hyung-rae Shim,Jason Behr,Amanda Brooks,Robert Forster,Aimee Garcia,Craig Robinson,http://www.imdb.com/title/tt0372873/,//www.rottentomatoes.com/m/dragon_wars/
Fallen,Feature Film,Drama,124,R,Warner Home Video,1997,6,1,1998,6,16,7,56201,Rotten,40,Upright,73,no,no,yes,no,no,no,Gregory Hoblit,Denzel Washington,John Goodman,Donald Sutherland,Embeth Davidtz,James Gandolfini,http://www.imdb.com/title/tt0119099/,//www.rottentomatoes.com/m/1080990-fallen/
Tamara Drewe,Feature Film,Drama,107,R,Sony Pictures Classics,2010,10,8,2011,2,8,6.2,16717,Fresh,66,Spilled,42,no,no,no,no,no,no,Stephen Frears,Gemma Arterton,Roger Allam,Bill Camp,Dominic Cooper,Luke Evans,http://www.imdb.com/title/tt1486190/,//www.rottentomatoes.com/m/tamara_drewe_2010/
Not Without My Daughter,Feature Film,Drama,116,PG-13,MGM Home Entertainment,1991,1,11,2001,10,2,6.2,9357,Rotten,47,Upright,71,no,no,no,yes,no,no,Brian Gilbert,Sally Field,Alfred Molina,Sheila Rosenthal,Roshan Seth,Sarah Badel,http://www.imdb.com/title/tt0102555/,//www.rottentomatoes.com/m/not_without_my_daughter/
Meet Joe Black,Feature Film,Drama,178,PG-13,Universal Pictures,1998,11,13,1999,4,6,7.1,163490,Rotten,51,Upright,81,no,no,yes,no,no,no,Martin Brest,Brad Pitt,Anthony Hopkins,Claire Forlani,Jake Weber,Marcia Gay Harden,http://www.imdb.com/title/tt0119643/,//www.rottentomatoes.com/m/meet_joe_black/
I'm Not There,Feature Film,Drama,135,R,The Weinstein Co.,2007,11,21,2008,5,6,7,47297,Certified Fresh,76,Upright,70,no,no,no,yes,no,no,Todd Haynes,Cate Blanchett,Christian Bale,Richard Gere,Heath Ledger,Marcus Carl Franklin,http://www.imdb.com/title/tt0368794/,//www.rottentomatoes.com/m/im_not_there_suppositions_on_a_film_concerning_dylan/
Three Wishes,Feature Film,Drama,115,PG,HBO Video,1995,11,3,2001,8,7,6.1,2145,Rotten,13,Spilled,51,no,no,no,no,no,no,Martha Coolidge,Patrick Swayze,Mary Elizabeth Mastrantonio,Joe Mazzello,Seth Mumy,David Marshall Grant,http://www.imdb.com/title/tt0114663/,//www.rottentomatoes.com/m/three_wishes/
Driving Miss Daisy,Feature Film,Drama,99,PG,Fathom Events,1989,6,1,1997,4,29,7.4,69338,Certified Fresh,81,Upright,81,yes,yes,no,yes,no,no,Bruce Beresford,Jessica Tandy,Morgan Freeman,Dan Aykroyd,Patti LuPone,Esther Rolle,http://www.imdb.com/title/tt0097239/,//www.rottentomatoes.com/m/driving_miss_daisy/
Max,Feature Film,Drama,106,R,Lions Gate Films,2002,12,27,2003,5,20,6.6,6228,Fresh,69,Upright,64,no,no,no,no,no,no,Menno Meyjes,John Cusack,Noah Taylor,Leelee Sobieski,Molly Parker,Ulrich Thomsen,http://www.imdb.com/title/tt0290210/,//www.rottentomatoes.com/m/max/
Serpico,Feature Film,Drama,130,R,Paramount Pictures,1973,12,5,2002,12,3,7.8,75468,Fresh,90,Upright,88,no,no,yes,no,no,no,Sidney Lumet,Al Pacino,John Randolph,Jack Kehoe,Tony Roberts,Biff McGuire,http://www.imdb.com/title/tt0070666/,//www.rottentomatoes.com/m/serpico/
Basic,Feature Film,Drama,98,R,Sony Pictures Entertainment,2003,3,28,2003,7,8,6.5,48519,Rotten,21,Upright,64,no,no,no,no,no,no,John McTiernan,John Travolta,Connie Nielsen,Samuel L. Jackson,Tim Daly,Taye Diggs,http://www.imdb.com/title/tt0264395/,//www.rottentomatoes.com/m/basic/
The Color Purple,Feature Film,Drama,154,PG-13,Warner Home Video,1985,12,16,2003,2,18,7.8,58668,Fresh,88,Upright,94,yes,no,no,no,yes,no,Steven Spielberg,Whoopi Goldberg,Danny Glover,Margaret Avery,Oprah Winfrey,Willard E. Pugh,http://www.imdb.com/title/tt0088939/,//www.rottentomatoes.com/m/color_purple/
The Man Without a Face,Feature Film,Drama,115,PG-13,Warner Home Video,1993,8,25,2004,2,24,6.7,22079,Fresh,67,Upright,64,no,no,no,no,yes,no,Mel Gibson,Mel Gibson,Nick Stahl,Margaret Whitton,Fay Masterson,Gaby Hoffmann,http://www.imdb.com/title/tt0107501/,//www.rottentomatoes.com/m/man_without_a_face/
The White Countess,Feature Film,Drama,135,PG-13,Sony Pictures Classics,2005,12,21,2006,5,16,6.7,5258,Rotten,50,Spilled,49,no,no,no,no,no,no,James Ivory,Ralph Fiennes,Natasha Richardson,Vanessa Redgrave,Lynn Redgrave,Madeleine Potter,http://www.imdb.com/title/tt0384686/,//www.rottentomatoes.com/m/white_countess/
Viva Knievel!,Feature Film,Drama,106,PG,WARNER BROTHERS PICTURES,1977,7,15,2005,5,31,2.7,761,Rotten,17,Spilled,17,no,no,no,no,no,no,Gordon Douglas,Evel Knievel,Lauren Hutton,Gene Kelly,Red Buttons,Leslie Nielsen,http://www.imdb.com/title/tt0076890/,//www.rottentomatoes.com/m/viva_knievel/
Rising Sun,Feature Film,Drama,125,R,Twentieth Century Fox Home Entertainment,1993,7,30,2000,6,20,6.2,33839,Rotten,35,Spilled,40,no,no,no,no,no,no,Philip Kaufman,Sean Connery,Wesley Snipes,Harvey Keitel,Kevin Anderson,Mako,http://www.imdb.com/title/tt0107969/,//www.rottentomatoes.com/m/rising_sun/
Seven Pounds,Feature Film,Drama,123,PG-13,Sony Pictures,2008,12,19,2009,3,31,7.7,225130,Rotten,27,Upright,75,no,no,no,no,no,no,Gabriele Muccino,Rosario Dawson,Woody Harrelson,Michael Ealy,Barry Pepper,Elpidia Carrillo,http://www.imdb.com/title/tt0814314/,//www.rottentomatoes.com/m/seven_pounds/
Breaking and Entering,Feature Film,Drama,120,R,The Weinstein Company,2007,2,16,2007,5,8,6.6,19714,Rotten,34,Spilled,52,no,no,no,no,yes,no,Anthony Minghella,Jude Law,Juliette Binoche,Robin Wright,Martin Freeman,Ray Winstone,http://www.imdb.com/title/tt0443456/,//www.rottentomatoes.com/m/breaking_and_entering/
The English Patient,Feature Film,Drama,162,R,Miramax Films,1996,11,15,1998,3,24,7.4,137126,Certified Fresh,84,Upright,83,yes,yes,yes,no,yes,no,Anthony Minghella,Ralph Fiennes,Juliette Binoche,Willem Dafoe,Kristin Scott Thomas,Colin Firth,http://www.imdb.com/title/tt0116209/,//www.rottentomatoes.com/m/english_patient/
Heaven & Earth,Feature Film,Drama,140,R,Warner Home Video,1994,6,1,2004,10,19,6.8,10468,Rotten,44,Upright,72,no,no,no,no,yes,no,Oliver Stone,Tommy Lee Jones,Hiep Thi Le,Joan Chen,Dr. Haing S. Ngor,Debbie Reynolds,http://www.imdb.com/title/tt0107096/,//www.rottentomatoes.com/m/1048333-heaven_and_earth/
The Last Kiss,Feature Film,Drama,115,R,Paramount,2006,9,15,2006,12,26,6.5,37770,Rotten,46,Spilled,59,no,no,no,no,no,no,Tony Goldwyn,Zach Braff,Jacinda Barrett,Casey Affleck,Rachel Bilson,Michael Weston,http://www.imdb.com/title/tt0434139/,//www.rottentomatoes.com/m/last_kiss/
Three of Hearts,Feature Film,Drama,102,R,Sony Pictures Home Entertainment,1993,4,30,2004,5,4,5.5,1628,Rotten,56,Spilled,38,no,no,no,no,no,no,Yurek Bogayevicz,William Baldwin,Kelly Lynch,Sherilyn Fenn,Joe Pantoliano,Gail Strickland,http://www.imdb.com/title/tt0108334/,//www.rottentomatoes.com/m/three_of_hearts/
Then She Found Me,Feature Film,Drama,100,R,ThinkFilm,2007,9,7,2008,9,2,6,8320,Rotten,50,Spilled,44,no,no,yes,yes,no,no,Helen Hunt,Helen Hunt,Bette Midler,Colin Firth,Matthew Broderick,Ben Shenkman,http://www.imdb.com/title/tt0455805/,//www.rottentomatoes.com/m/then_she_found_me/
Lord of the Flies,Feature Film,Drama,90,R,Nelson Entertainment,1989,1,1,2001,11,20,6.4,21704,Fresh,63,Spilled,52,no,no,no,no,no,no,Harry Hook,Balthazar Getty,Chris Furrh,Danuel Pipoly,James Badge Dale,Gary Rule,http://www.imdb.com/title/tt0100054/,//www.rottentomatoes.com/m/lord_of_the_flies/
"Same Time, Next Year",Feature Film,Drama,119,PG,Universal Pictures,1978,11,22,2004,4,6,7.2,4375,Rotten,40,Upright,85,no,no,no,yes,no,no,Robert Mulligan,Ellen Burstyn,Alan Alda,Ivan Bonar,Bernie Kuby,Cosmo Sardo,http://www.imdb.com/title/tt0078199/,//www.rottentomatoes.com/m/same_time_next_year/
Proof of Life,Feature Film,Drama,135,R,Warner Bros. Pictures,2000,12,8,2001,6,19,6.2,48324,Rotten,40,Spilled,43,no,no,yes,no,no,no,Taylor Hackford,Meg Ryan,Russell Crowe,David Morse,David Caruso,Pamela Reed,http://www.imdb.com/title/tt0228750/,//www.rottentomatoes.com/m/proof_of_life/
The Golden Bowl,Feature Film,Drama,130,R,Lions Gate Films,2000,5,14,2001,11,6,6,3745,Rotten,54,Spilled,39,no,no,no,no,no,no,James Ivory,Uma Thurman,Kate Beckinsale,Jeremy Northam,Nick Nolte,Anjelica Huston,http://www.imdb.com/title/tt0200669/,//www.rottentomatoes.com/m/golden_bowl/
Easy,Feature Film,Drama,99,R,Magic Lamp Releasing,2004,11,26,2005,3,1,5.9,1493,Rotten,59,Spilled,47,no,no,no,no,no,no,Jane Weinstock,Marguerite Moreau,Naveen Andrews,Emily Deschanel,Jordan Garrett,Caroline Goodall,http://www.imdb.com/title/tt0379270/,//www.rottentomatoes.com/m/easy/
The Wedding Banquet (Xi yan),Feature Film,Drama,106,R,Good Machine,1993,8,4,2004,6,15,7.6,10492,Fresh,96,Upright,87,no,no,no,no,yes,no,Ang Lee,Winston Chao,May Chin,Mitchell Lichtenstein,Sihung Lung,Ah-Leh Gua,http://www.imdb.com/title/tt0107156/,//www.rottentomatoes.com/m/wedding_banquet/
Gotti,TV Movie,Drama,116,R,HBO Video,1996,8,17,2000,9,19,7.3,4451,Fresh,60,Upright,83,no,no,no,no,no,no,Robert Harmon,Armand Assante,William Forsythe,Anthony Quinn,Vincent Pastore,Richard C. Sarafian,http://www.imdb.com/title/tt0116441/,//www.rottentomatoes.com/m/gotti/
Warrior,Feature Film,Drama,140,PG-13,Lionsgate,2011,9,9,2011,12,20,8.2,315051,Certified Fresh,82,Upright,92,no,no,no,no,no,no,Gavin O'Connor,Joel Edgerton,Tom Hardy,Nick Nolte,Jennifer Morrison (II),Frank Grillo,http://www.imdb.com/title/tt1291584/,//www.rottentomatoes.com/m/1212910-warrior/
Percy Jackson: Sea of Monsters,Feature Film,Drama,106,PG,20th Century Fox,2013,8,7,2013,12,17,5.9,82737,Rotten,42,Spilled,55,no,no,no,no,no,no,Thor Freudenthal,Logan Lerman,Brandon T. Jackson,Alexandra Daddario,Nathan Fillion,Jake Abel,http://www.imdb.com/title/tt1854564/,//www.rottentomatoes.com/m/percy_jackson_sea_of_monsters/
Visioneers,Feature Film,Drama,94,R,Gravitas,2008,6,12,2009,7,21,6.1,4944,Fresh,70,Spilled,54,no,no,no,no,no,no,Jared Drake,Zach Galifianakis,Judy Greer,Mia Maestro,Missi Pyle,Aubrey Morris,http://www.imdb.com/title/tt0833557/,//www.rottentomatoes.com/m/visioneers/
Bats,Feature Film,Drama,91,R,Destination Films,1999,10,22,2001,8,7,3.6,8229,Rotten,17,Spilled,14,no,no,no,no,no,no,Louis Morneau,Lou Diamond Phillips,Dina Meyer,Bob Gunton,Leon,Carlos Jacott,http://www.imdb.com/title/tt0200469/,//www.rottentomatoes.com/m/bats/
The Brother from Another Planet,Feature Film,Drama,108,R,Twentieth Century Fox Home Entertainment,1984,9,7,2003,10,25,6.8,4516,Fresh,92,Upright,76,no,no,no,no,no,no,John Sayles,Joe Morton,Darryl Edwards,Steve James,Leonard Jackson,Bill Cobbs,http://www.imdb.com/title/tt0087004/,//www.rottentomatoes.com/m/the_brother_from_another_planet/
North Face (Nordwand),Feature Film,Drama,126,Unrated,Music Box Films,2010,1,29,2010,5,11,7.4,10938,Certified Fresh,84,Upright,82,no,no,no,no,no,no,Philipp Stolzl,Benno Furmann,Florian Lukas,Johanna Wokalek,Georg Friedrich,Simon Schwarz,http://www.imdb.com/title/tt0844457/,//www.rottentomatoes.com/m/north_face/
Shakedown,Feature Film,Drama,97,R,MCA Universal Home Video,1988,5,6,1998,6,15,5.8,1838,Fresh,71,Spilled,43,no,no,no,no,no,no,James Glickenhaus,Sam Elliott,Peter Weller,Patricia Charbonneau,Blanche Baker,Richard Brooks (VI),http://www.imdb.com/title/tt0096087/,//www.rottentomatoes.com/m/1018704-shakedown/
The Principal,Feature Film,Drama,109,R,Sony Pictures Home Entertainment,1987,9,18,2002,7,30,6.2,6552,Rotten,50,Spilled,52,no,no,no,no,no,no,Christopher Cain,James Belushi,Michael Wright,Louis Gossett Jr,Rae Dawn Chong,Esai Morales,http://www.imdb.com/title/tt0093780/,//www.rottentomatoes.com/m/principal/
A New Life,Feature Film,Drama,104,PG-13,Paramount Pictures,1988,3,25,2013,2,26,5.7,390,Rotten,29,Spilled,25,no,no,no,no,no,no,Alan Alda,Alan Alda,Ann-Margret,Mary Kay Place,John Shea,Hal Linden,http://www.imdb.com/title/tt0095726/,//www.rottentomatoes.com/m/new_life/
The Sessions,Feature Film,Drama,95,R,Fox Searchlight Pictures,2012,10,19,2013,2,12,7.2,35635,Certified Fresh,93,Upright,80,no,no,no,yes,no,no,Ben Lewin,John Hawkes,Helen Hunt,William H. Macy,Annika Marks,Moon Bloodgood,http://www.imdb.com/title/tt1866249/,//www.rottentomatoes.com/m/the_sessions/
Prison,Feature Film,Drama,102,R,New World Video,1988,3,4,2013,2,19,5.9,2569,Rotten,40,Spilled,34,no,no,no,no,no,no,Renny Harlin,Lane Smith,Viggo Mortensen,Chelsea Field,Andre De Shields,Lincoln Kilpatrick,http://www.imdb.com/title/tt0095904/,//www.rottentomatoes.com/m/prison/
Kiss of Death,Feature Film,Drama,101,R,Twentieth Century Fox Home Entertainment,1995,5,19,2004,6,1,5.9,13980,Fresh,68,Spilled,37,no,no,yes,yes,no,no,Barbet Schroeder,David Caruso,Samuel L. Jackson,Helen Hunt,Kathryn Erbe,Nicolas Cage,http://www.imdb.com/title/tt0113552/,//www.rottentomatoes.com/m/1060720-kiss_of_death/
Citizen X,TV Movie,Drama,105,R,HBO Video,1995,2,25,2000,7,11,7.7,11477,Fresh,86,Upright,86,no,no,no,no,no,no,Chris Gerolmo,Stephen Rea,Donald Sutherland,Jeffrey DeMunn,Max von Sydow,Joss Ackland,http://www.imdb.com/title/tt0112681/,//www.rottentomatoes.com/m/citizen_x/
The Other Woman,Feature Film,Drama,102,R,IFC Films,2011,2,4,2011,5,17,6.4,14970,Rotten,39,Spilled,45,no,no,no,yes,no,no,Don Roos,Natalie Portman,Lisa Kudrow,Scott Cohen,Charlie Tahan,Lauren Ambrose,http://www.imdb.com/title/tt1032825/,//www.rottentomatoes.com/m/the_other_woman_2011/
Pusher III: I'm the Angel of Death,Feature Film,Drama,90,R,Nordisk Film Biografdistributi,2005,9,2,2006,11,7,7.3,9001,Fresh,92,Upright,81,no,no,no,no,no,no,Nicolas Winding Refn,Zlatko Buric,Zlatko Burik,Marinela Dekic,Ilyas Agac,Slavko Labovic,http://www.imdb.com/title/tt0425379/,//www.rottentomatoes.com/m/pusher_iii_im_the_angel_of_death/
Two for the Money,Feature Film,Drama,122,R,Universal Pictures,2005,10,7,2006,1,17,6.2,35868,Rotten,22,Spilled,48,no,no,yes,no,no,no,D.J. Caruso,Al Pacino,Matthew McConaughey,Rene Russo,Armand Assante,Jeremy Piven,http://www.imdb.com/title/tt0417217/,//www.rottentomatoes.com/m/two_for_the_money/
Cousins,Feature Film,Drama,109,PG-13,Paramount Home Video,1989,1,1,2002,1,15,6.2,3467,Rotten,50,Upright,69,no,no,no,no,no,no,Joel Schumacher,Ted Danson,Isabella Rossellini,Sean Young,William L. Petersen,Lloyd Bridges,http://www.imdb.com/title/tt0097116/,//www.rottentomatoes.com/m/cousins/
Spy Game,Feature Film,Drama,126,R,Universal Pictures,2001,11,21,2002,4,16,7,117688,Fresh,66,Upright,75,no,no,no,no,no,no,Tony Scott,Robert Redford,Brad Pitt,Catherine McCormack,Stephen Dillane,Larry Bryggman,http://www.imdb.com/title/tt0266987/,//www.rottentomatoes.com/m/spy_game/
One Night With the King,Feature Film,Drama,123,PG,Gener8Xion Entertainment,2006,10,13,2007,1,30,6.3,5704,Rotten,19,Upright,78,no,no,no,no,no,no,Michael O. Sajbel,Peter O'Toole,Tiffany Dupont,Omar Sharif,Luke Goss,John Rhys-Davies,http://www.imdb.com/title/tt0430431/,//www.rottentomatoes.com/m/one_night_with_the_king/
Deep Impact,Feature Film,Drama,120,PG-13,Paramount Pictures,1998,5,8,1998,12,15,6.1,132215,Rotten,48,Spilled,43,no,no,yes,no,no,no,Mimi Leder,Robert Duvall,Tea Leoni,Elijah Wood,Vanessa Redgrave,Maximilian Schell,http://www.imdb.com/title/tt0120647/,//www.rottentomatoes.com/m/deep_impact/
Shoot 'Em Up,Feature Film,Drama,86,R,New Line Cinema,2007,9,7,2008,1,1,6.7,127458,Fresh,67,Upright,65,no,no,no,no,no,no,Michael Davis,Clive Owen,Paul Giamatti,Monica Bellucci,Stephen McHattie,Greg Bryk,http://www.imdb.com/title/tt0465602/,//www.rottentomatoes.com/m/shoot_em_up/
The Room,Feature Film,Drama,99,R,Chloe Productions,2003,6,27,2005,12,17,3.5,27769,Rotten,35,Spilled,46,no,no,no,no,no,no,Tommy Wiseau,Tommy Wiseau,Juliette Danielle,Greg Sestero,Philip Haldiman,Carolyn Minnott,http://www.imdb.com/title/tt0368226/,//www.rottentomatoes.com/m/the_room_1998/
The Longest Yard,Feature Film,Drama,121,R,Paramount Home Video,1974,8,30,2001,1,30,7.1,12819,Fresh,81,Upright,75,no,no,no,no,no,no,Robert Aldrich,Burt Reynolds,Eddie Albert,Ed Lauter,Michael Conrad,Malcolm Atterbury,http://www.imdb.com/title/tt0071771/,//www.rottentomatoes.com/m/1012665-longest_yard/
May,Feature Film,Drama,93,R,Lionsgate Releasing,2003,6,6,2003,7,15,6.7,26010,Fresh,69,Upright,75,no,no,no,no,no,no,Lucky McKee,Angela Bettis,Jeremy Sisto,Anna Faris,James Duval,Nichole M. Hiltz,http://www.imdb.com/title/tt0303361/,//www.rottentomatoes.com/m/may/
Any Day Now,Feature Film,Drama,98,R,Music Box Films,2012,12,14,2013,4,23,7.5,4515,Certified Fresh,79,Upright,76,no,no,no,no,no,no,Travis Fine,Alan Cumming,Garret Dillahunt,Isaac Leyva,Gregg Henry,Frances Fisher,http://www.imdb.com/title/tt2066176/,//www.rottentomatoes.com/m/any_day_now_2012/
Grosse Pointe Blank,Feature Film,Drama,107,R,Buena Vista Internationa,1997,4,11,1998,5,19,7.4,71572,Certified Fresh,79,Upright,87,no,no,no,no,no,no,George Armitage,John Cusack,Minnie Driver,Dan Aykroyd,Alan Arkin,Joan Cusack,http://www.imdb.com/title/tt0119229/,//www.rottentomatoes.com/m/grosse_pointe_blank/
"The Ninth Configuration (Twinkle, Twinkle, Killer Kane)",Feature Film,Drama,118,R,Warner Bros.,1980,2,29,2002,9,17,7.2,3883,Fresh,70,Upright,79,no,no,no,no,no,no,William Peter Blatty,Stacy Keach,Scott Wilson,Jason Miller,Ed Flanders,Neville Brand,http://www.imdb.com/title/tt0081237/,//www.rottentomatoes.com/m/ninth_configuration/
Mr. & Mrs. Bridge,Feature Film,Drama,126,PG-13,Miramax Films,1990,11,23,2001,2,13,6.7,2282,Fresh,80,Spilled,42,no,no,yes,yes,no,no,James Ivory,Paul Newman,Joanne Woodward,Blythe Danner,Robert Sean Leonard,Kyra Sedgwick,http://www.imdb.com/title/tt0100200/,//www.rottentomatoes.com/m/mr_and_mrs_bridge/
Spring Breakers,Feature Film,Drama,94,R,A24 Films,2013,3,22,2013,7,9,5.3,104457,Fresh,66,Spilled,38,no,no,no,no,no,no,Harmony Korine,Selena Gomez,James Franco,Ashley Benson,Rachel Korine,Vanessa Hudgens,http://www.imdb.com/title/tt2101441/,//www.rottentomatoes.com/m/spring_breakers_2013/
Orca - The Killer Whale,Feature Film,Drama,92,PG,Paramount Pictures,1977,7,15,2004,9,14,5.6,7628,Rotten,15,Spilled,33,no,no,no,no,no,no,Michael Anderson,Richard Harris,Charlotte Rampling,Keenan Wynn,Will Sampson,Bo Derek,http://www.imdb.com/title/tt0076504/,//www.rottentomatoes.com/m/orca_the_killer_whale/
Tang shan da xiong (Fists of Fury) (The Big Boss),Feature Film,Drama,100,R,National General Pictures,1972,4,1,2005,12,13,7.1,17934,Fresh,60,Upright,74,no,no,no,no,no,no,Wei Lo,Bruce Lee,Maria Yi,Nora Miao,James Tien,Mao Ker Hsiu,http://www.imdb.com/title/tt0067824/,//www.rottentomatoes.com/m/fists_of_fury/
The Story Of Luke,Feature Film,Drama,96,Unrated,Gravitas Ventures,2013,4,5,2013,8,6,7.3,2502,Fresh,80,Upright,78,no,no,no,no,no,no,Alonso Mayo,Lou Taylor Pucci,Seth Green,Cary Elwes,Kristin Bauer van Straten,Kenneth Welsh,http://www.imdb.com/title/tt1038693/,//www.rottentomatoes.com/m/the_story_of_luke_2012/
"New York, New York",Feature Film,Drama,155,PG,MGM Home Entertainment,1977,6,22,2005,2,8,6.7,13092,Fresh,67,Spilled,59,no,no,yes,yes,yes,no,Martin Scorsese,Liza Minnelli,Robert De Niro,Lionel Stander,Barry Primus,Mary Kay Place,http://www.imdb.com/title/tt0076451/,//www.rottentomatoes.com/m/new_york_new_york/
K-19: The Widowmaker,Feature Film,Drama,138,PG-13,Paramount Pictures,2002,7,19,2002,12,10,6.6,48137,Fresh,60,Spilled,52,no,no,no,no,yes,no,Kathryn Bigelow,Harrison Ford,Liam Neeson,Peter Sarsgaard,Christian Camargo,Joss Ackland,http://www.imdb.com/title/tt0267626/,//www.rottentomatoes.com/m/k19_the_widowmaker/
What's Eating Gilbert Grape,Feature Film,Drama,118,PG-13,Paramount Pictures,1993,12,25,2001,11,17,7.8,164112,Certified Fresh,89,Upright,89,no,no,no,no,no,no,Lasse Hallstrom,Johnny Depp,Leonardo DiCaprio,Juliette Lewis,Mary Steenburgen,Darlene Cates,http://www.imdb.com/title/tt0108550/,//www.rottentomatoes.com/m/whats_eating_gilbert_grape/
Of Mice and Men,Feature Film,Drama,115,PG-13,Metro-Goldwyn-Mayer Pictures,1992,10,2,2001,11,6,7.5,30921,Fresh,96,Upright,82,yes,no,no,no,no,no,Gary Sinise,John Malkovich,Gary Sinise,Ray Walston,Casey Siemaszko,Sherilyn Fenn,http://www.imdb.com/title/tt0105046/,//www.rottentomatoes.com/m/1040322-of_mice_and_men/
The Freshman,Feature Film,Drama,102,PG,Sony Pictures Home Entertainment,1990,7,20,1998,6,30,6.5,15525,Certified Fresh,93,Upright,61,no,no,yes,no,no,no,Andrew Bergman,Marlon Brando,Matthew Broderick,Bruno Kirby,Penelope Ann Miller,Frank Whaley,http://www.imdb.com/title/tt0099615/,//www.rottentomatoes.com/m/10009001-the_freshman/
Texasville,Feature Film,Drama,123,R,Cine-Source,1991,1,1,2002,9,17,6,1887,Rotten,55,Spilled,50,no,no,yes,no,no,no,Peter Bogdanovich,Jeff Bridges,Cybill Shepherd,Annie Potts,Timothy Bottoms,Cloris Leachman,http://www.imdb.com/title/tt0103069/,//www.rottentomatoes.com/m/texasville/
Clerks II,Feature Film,Drama,97,R,MGM,2006,7,21,2006,11,28,7.4,112216,Fresh,63,Upright,84,no,no,no,no,no,no,Kevin Smith,Brian O'Halloran,Jeff Anderson,Rosario Dawson,Jason Mewes,Trevor Fehrman,http://www.imdb.com/title/tt0424345/,//www.rottentomatoes.com/m/clerks_2/
White House Down,Feature Film,Drama,131,PG-13,Sony Pictures,2013,6,28,2013,11,5,6.4,154674,Rotten,51,Upright,62,no,no,yes,no,no,no,Roland Emmerich,Channing Tatum,Jamie Foxx,Maggie Gyllenhaal,Jason Clarke,Richard Jenkins,http://www.imdb.com/title/tt2334879/,//www.rottentomatoes.com/m/white_house_down/
Flesh & Blood (Flesh+Blood) (The Rose and the Sword),Feature Film,Drama,126,R,MGM,1985,8,30,2004,2,3,6.7,12535,Fresh,79,Upright,63,no,no,no,no,no,no,Paul Verhoeven,Rutger Hauer,Jennifer Jason Leigh,Tom Burlinson,Jack Thompson,Susan Tyrrell,http://www.imdb.com/title/tt0089153/,//www.rottentomatoes.com/m/1007538-flesh_and_blood/
Bastard out of Carolina,Feature Film,Drama,97,R,Winstar,1996,12,15,2000,4,25,7.4,3363,Fresh,100,Upright,83,no,no,no,no,no,no,Anjelica Huston,Jennifer Jason Leigh,Jena Malone,Ron Eldard,Dermot Mulroney,Glenne Headly,http://www.imdb.com/title/tt0115633/,//www.rottentomatoes.com/m/bastard_out_of_carolina/
Rescue Dawn,Feature Film,Drama,120,PG-13,MGM,2007,7,27,2007,11,20,7.4,82378,Certified Fresh,91,Upright,74,no,no,no,no,no,no,Werner Herzog,Christian Bale,Steve Zahn,Jeremy Davies,Marshall Bell,Teerawat Mulvilai,http://www.imdb.com/title/tt0462504/,//www.rottentomatoes.com/m/rescue_dawn/
The Longshots,Feature Film,Drama,94,PG,The Weinstein Company,2008,8,22,2008,12,2,5.1,3135,Rotten,41,Upright,61,no,no,no,no,no,no,Fred Durst,Ice Cube,Keke Palmer,Tasha Smith,Jill Marie Jones,Dash Mihok,http://www.imdb.com/title/tt1091751/,//www.rottentomatoes.com/m/longshots/
U-Turn,Feature Film,Drama,125,R,Sony Pictures Home Entertainment,1997,10,3,1998,3,31,6.8,41385,Rotten,59,Upright,62,no,no,yes,no,yes,no,Oliver Stone,Sean Penn,Nick Nolte,Jennifer Lopez,Powers Boothe,Claire Danes,http://www.imdb.com/title/tt0120399/,//www.rottentomatoes.com/m/u_turn_1997/
A Boy and His Dog,Feature Film,Drama,91,R,eRealBiz,1975,3,1,2003,11,18,6.6,12221,Fresh,75,Upright,63,no,no,no,no,no,no,L.Q. Jones,Don Johnson,Susanne Benton,Jason Robards,Tiger,Charles McGraw,http://www.imdb.com/title/tt0072730/,//www.rottentomatoes.com/m/boy_and_his_dog/
Lorenzo's Oil,Feature Film,Drama,129,PG-13,MCA Universal Home Video,1992,12,30,2004,4,6,7.2,15913,Fresh,94,Upright,79,no,no,no,yes,no,no,NA,Nick Nolte,Susan Sarandon,Peter Ustinov,Kathleen Wilhoite,Gerry Bamman,http://www.imdb.com/title/tt0104756/,//www.rottentomatoes.com/m/lorenzos_oil/
Conviction,Feature Film,Drama,107,R,Fox Searchlight,2010,10,15,2011,2,1,7.2,33720,Fresh,67,Upright,70,no,no,no,no,no,no,Tony Goldwyn,Sam Rockwell,Minnie Driver,Melissa Leo,Peter Gallagher,Ari Graynor,http://www.imdb.com/title/tt1244754/,//www.rottentomatoes.com/m/conviction_2010/
Bounce,Feature Film,Drama,106,PG-13,Miramax Films,2000,11,17,2001,4,10,5.7,17133,Rotten,52,Spilled,33,no,no,no,yes,no,no,Don Roos,Ben Affleck,Gwyneth Paltrow,Tony Goldwyn,Alex D. Linz,David Dorfman,http://www.imdb.com/title/tt0186894/,//www.rottentomatoes.com/m/bounce/
A Mighty Heart,Feature Film,Drama,108,R,Paramount Vantage,2007,6,22,2007,10,16,6.7,23821,Certified Fresh,79,Upright,70,no,no,no,no,no,no,Michael Winterbottom,Angelina Jolie,Dan Futterman,Archie Panjabi,Irfan Khan,Will Patton,http://www.imdb.com/title/tt0829459/,//www.rottentomatoes.com/m/mighty_heart/
Santa Sangre,Feature Film,Drama,123,R,Republic Pictures Home Video,1990,6,1,1991,3,28,7.7,13285,Fresh,85,Upright,87,no,no,no,no,no,no,Alejandro Jodorowsky,Sergio Bustamante,Adan Jodorowsky,Jesus Juarez,Axel Jodorowsky,Guy Stockwell,http://www.imdb.com/title/tt0098253/,//www.rottentomatoes.com/m/santa_sangre/
Top Gun,Feature Film,Drama,110,PG,Paramount Pictures,1986,5,16,1998,10,20,6.9,211129,Rotten,54,Upright,83,no,no,no,no,no,yes,Tony Scott,Tom Cruise,Kelly McGillis,Anthony Edwards,Val Kilmer,Tom Skerritt,http://www.imdb.com/title/tt0092099/,//www.rottentomatoes.com/m/top_gun/
25th Hour,Feature Film,Drama,135,R,Touchstone Pictures,2003,1,10,2003,5,20,7.7,146518,Certified Fresh,78,Upright,85,no,no,yes,no,no,no,Spike Lee,Edward Norton,Barry Pepper,Philip Seymour Hoffman,Rosario Dawson,Anna Paquin,http://www.imdb.com/title/tt0307901/,//www.rottentomatoes.com/m/25th_hour/
Streets of Gold,Feature Film,Drama,95,R,Live Home Video,1986,11,14,NA,NA,NA,6,486,Rotten,31,Spilled,44,no,no,no,no,no,no,Joe Roth,Klaus Maria Brandauer,Adrian Pasdar,Richard Pasdar,Wesley Snipes,Angela Molina,http://www.imdb.com/title/tt0092022/,//www.rottentomatoes.com/m/streets_of_gold/
The Mod Squad,Feature Film,Drama,92,R,MGM,1999,3,26,1999,8,24,4.1,7658,Rotten,4,Spilled,17,no,no,no,no,no,no,Scott Silver,Claire Danes,Giovanni Ribisi,Omar Epps,Josh Brolin,Dennis Farina,http://www.imdb.com/title/tt0120757/,//www.rottentomatoes.com/m/mod_squad/
Where the Heart Is,Feature Film,Drama,107,R,Touchstone Pictures,1990,1,1,2003,6,3,6.1,1268,Rotten,11,Spilled,58,no,no,no,no,no,no,John Boorman,Dabney Coleman,Uma Thurman,Joanna Cassidy,Crispin Glover,Suzy Amis,http://www.imdb.com/title/tt0100924/,//www.rottentomatoes.com/m/1028561-where_the_heart_is/
Never Cry Wolf,Feature Film,Drama,105,PG,Disney,1983,1,1,2000,2,22,7.6,6114,Fresh,100,Upright,85,no,no,no,no,no,no,Carroll Ballard,Charles Martin Smith,Brian Dennehy,Zachary Ittimangnaq,Samson Jorah,Hugh Webster,http://www.imdb.com/title/tt0086005/,//www.rottentomatoes.com/m/never_cry_wolf/
A Good Woman,Feature Film,Drama,93,PG,Lions Gate Films,2006,2,3,2006,6,13,6.5,9399,Rotten,37,Spilled,49,no,no,no,yes,no,no,Mike Barker,Helen Hunt,Scarlett Johansson,Tom Wilkinson,Stephen Campbell Moore,Mark Umbers,http://www.imdb.com/title/tt0379306/,//www.rottentomatoes.com/m/good_woman/
Drive,Feature Film,Drama,100,R,FilmDistrict,2011,9,16,2012,1,31,7.8,414650,Certified Fresh,92,Upright,79,no,no,no,no,no,no,Nicolas Winding Refn,Ryan Gosling,Carey Mulligan,Albert Brooks,Bryan Cranston,Christina Hendricks,http://www.imdb.com/title/tt0780504/,//www.rottentomatoes.com/m/drive_2011/
2 Days in the Valley,Feature Film,Drama,104,R,HBO Video,1996,9,27,2001,8,7,6.5,15291,Fresh,60,Spilled,54,no,no,no,yes,no,no,John Herzfeld,Danny Aiello,Greg Cruttwell,James Spader,Teri Hatcher,Charlize Theron,http://www.imdb.com/title/tt0115438/,//www.rottentomatoes.com/m/2_days_in_the_valley/
Married to It,Feature Film,Drama,112,R,Orion Home Video,1993,3,26,2003,4,1,5.9,725,Rotten,33,Spilled,41,no,no,no,no,no,no,Arthur Hiller,Beau Bridges,Stockard Channing,Robert Sean Leonard,Mary Stuart Masterson,Cybill Shepherd,http://www.imdb.com/title/tt0107523/,//www.rottentomatoes.com/m/married_to_it/
Pay It Forward,Feature Film,Drama,123,PG-13,Warner Bros. Pictures,2000,10,20,2001,5,15,7.1,93331,Rotten,40,Upright,77,no,no,yes,yes,no,no,Mimi Leder,Kevin Spacey,Helen Hunt,Haley Joel Osment,Angie Dickinson,Jay Mohr,http://www.imdb.com/title/tt0223897/,//www.rottentomatoes.com/m/pay_it_forward/
Topsy-Turvy,Feature Film,Drama,154,R,October Films,1999,12,17,2000,6,20,7.4,9876,Certified Fresh,89,Upright,79,no,no,no,no,no,no,Mike Leigh,Jim Broadbent,Allan Corduner,Alan Corduner,Timothy Spall,Lesley Manville,http://www.imdb.com/title/tt0151568/,//www.rottentomatoes.com/m/topsyturvy/
Beyond the Gates,Feature Film,Drama,115,R,IFC First Take,2005,12,8,2007,9,18,7.7,9525,Certified Fresh,84,Upright,85,no,no,no,no,no,no,Michael Caton-Jones,John Hurt,Hugh Dancy,Dominique Horwitz,Louis Mahoney,Nicola Walker,http://www.imdb.com/title/tt0420901/,//www.rottentomatoes.com/m/beyond_the_gates/
Night and the City,Feature Film,Drama,105,R,Twentieth Century Fox Home Entertainment,1992,10,11,1993,4,21,5.8,3673,Fresh,67,Spilled,31,no,no,yes,yes,no,no,Irwin Winkler,Robert De Niro,Jessica Lange,Cliff Gorman,Alan King,Eli Wallach,http://www.imdb.com/title/tt0105001/,//www.rottentomatoes.com/m/1040890-night_and_the_city/
Wimbledon,Feature Film,Drama,98,PG-13,Universal Pictures,2004,9,17,2004,12,28,6.3,50340,Fresh,60,Spilled,57,no,no,no,no,no,no,Richard Loncraine,Kirsten Dunst,Paul Bettany,Sam Neill,James McAvoy,Bernard Hill,http://www.imdb.com/title/tt0360201/,//www.rottentomatoes.com/m/wimbledon/
B. Monkey,Feature Film,Drama,92,R,Miramax,1999,9,10,2000,3,21,6,2934,Fresh,61,Spilled,55,no,no,no,no,no,no,Michael Radford,Asia Argento,Jared Harris,Rupert Everett,Jonathan Rhys Meyers,Julie T. Wallace,http://www.imdb.com/title/tt0120594/,//www.rottentomatoes.com/m/b_monkey/
V for Vendetta,Feature Film,Drama,132,R,Warner Bros. Pictures,2006,3,17,2006,8,1,8.2,753592,Certified Fresh,73,Upright,90,no,no,no,yes,no,no,James McTeigue,Natalie Portman,Hugo Weaving,Stephen Rea,John Hurt,Stephen Fry,http://www.imdb.com/title/tt0434409/,//www.rottentomatoes.com/m/v_for_vendetta/
One on One,Feature Film,Drama,98,PG,Warner Bros.,1977,6,28,2009,3,23,6.4,1141,Fresh,83,Upright,75,no,no,no,no,no,no,Lamont Johnson,Robby Benson,Annette O'Toole,G.D. Spradlin,Gail Strickland,Melanie Griffith,http://www.imdb.com/title/tt0076500/,//www.rottentomatoes.com/m/one-on-one/
Flesh And Bone,Feature Film,Drama,126,R,Paramount Home Video,1993,11,5,2002,4,16,6.2,3967,Fresh,67,Spilled,40,no,no,no,yes,no,no,Steve Kloves,Dennis Quaid,Meg Ryan,James Caan,Gwyneth Paltrow,Jerry Swindall,http://www.imdb.com/title/tt0106926/,//www.rottentomatoes.com/m/flesh_and_bone/
Knightriders,Feature Film,Drama,146,R,Laurel Entertainment,1981,1,1,2000,7,11,6.4,3138,Fresh,82,Upright,61,no,no,no,no,no,no,George A. Romero,Ed Harris,Gary Lahti,Tom Savini,Amy Ingersoll,Patricia Tallman,http://www.imdb.com/title/tt0082622/,//www.rottentomatoes.com/m/knightriders/
Madea Goes to Jail,Feature Film,Drama,103,PG-13,Lionsgate,2009,2,20,2009,6,16,4.1,9424,Rotten,29,Upright,70,no,no,no,no,no,no,Tyler Perry,Tyler Perry,Derek Luke,Keshia Knight Pulliam,Ion Overman,Sofia Vergara,http://www.imdb.com/title/tt1142800/,//www.rottentomatoes.com/m/madea-goes-to-jail/
Strictly Business,Feature Film,Drama,83,PG-13,Warner Home Video,1991,11,8,2007,9,18,5.3,1308,Rotten,10,Spilled,56,no,no,no,no,no,no,Rolando Hudson,Tommy Davidson,Joseph C. Phillips,Anne-Marie Johnson,David Marshall Grant,Jon Cypher,http://www.imdb.com/title/tt0102996/,//www.rottentomatoes.com/m/strictly_business/
The Sum of All Fears,Feature Film,Drama,124,PG-13,Paramount Pictures,2002,5,31,2002,10,29,6.4,84191,Rotten,59,Spilled,49,no,no,no,no,no,no,Phil Alden Robinson,Ben Affleck,Morgan Freeman,James Cromwell,Liev Schreiber,Bridget Moynahan,http://www.imdb.com/title/tt0164184/,//www.rottentomatoes.com/m/sum_of_all_fears/
Let the Right One In,Feature Film,Drama,115,R,Magnet/Magnolia Pictures,2008,1,26,2009,3,10,8,168032,Certified Fresh,98,Upright,90,no,no,no,no,no,no,Tomas Alfredson,Kare Hedebrant,Lina Leandersson,Per Ragnar,Henrik Dahl,Karin Bergquist,http://www.imdb.com/title/tt1139797/,//www.rottentomatoes.com/m/let_the_right_one_in/
Volcano,Feature Film,Drama,104,PG-13,Twentieth Century Fox Home Entertainment,1997,4,25,2001,12,18,5.4,56329,Rotten,44,Spilled,31,no,no,no,no,no,no,Mick Jackson,Tommy Lee Jones,Anne Heche,Don Cheadle,Jacqueline Kim,Keith David,http://www.imdb.com/title/tt0120461/,//www.rottentomatoes.com/m/1076267-volcano/
Where the Heart Is,Feature Film,Drama,120,PG-13,Twentieth Century Fox Home Entertainment,2000,4,28,2000,9,26,6.8,26360,Rotten,35,Upright,77,no,no,no,yes,no,no,Matt Williams,Natalie Portman,Ashley Judd,Sally Field,Stockard Channing,Joan Cusack,http://www.imdb.com/title/tt0198021/,//www.rottentomatoes.com/m/1096832-where_the_heart_is/
The Darwin Awards,Feature Film,Drama,94,R,Blumhouse,2006,7,5,2007,7,31,5.9,8521,Rotten,25,Spilled,45,no,no,no,no,no,no,Finn Taylor,Joseph Fiennes,Winona Ryder,Chris Penn,Wilmer Valderrama,Tim Blake Nelson,http://www.imdb.com/title/tt0428446/,//www.rottentomatoes.com/m/darwin_awards/
Jade,Feature Film,Drama,95,R,Paramount,1995,10,13,1999,2,16,5.1,8999,Rotten,14,Spilled,27,no,no,no,no,yes,no,William Friedkin,David Caruso,Linda Fiorentino,Chazz Palminteri,Michael Biehn,Richard Crenna,http://www.imdb.com/title/tt0113451/,//www.rottentomatoes.com/m/jade/
Lethal Weapon,Feature Film,Drama,110,R,Warner Bros. Pictures,1987,3,6,2000,6,6,7.6,184656,Certified Fresh,84,Upright,85,no,no,no,no,no,no,Richard Donner,Mel Gibson,Danny Glover,Gary Busey,Darlene Love,Mitchell Ryan,http://www.imdb.com/title/tt0093409/,//www.rottentomatoes.com/m/lethal_weapon/
Cast Away,Feature Film,Drama,143,PG-13,20th Century Fox,2000,12,22,2001,6,12,7.7,375820,Certified Fresh,90,Upright,83,no,no,yes,yes,yes,yes,Robert Zemeckis,Tom Hanks,Helen Hunt,Nick Searcy,Chris Noth,Lari White,http://www.imdb.com/title/tt0162222/,//www.rottentomatoes.com/m/cast_away/
Motorama,Feature Film,Drama,90,R,Sony Pictures Home Entertainment,1992,3,28,2001,12,18,6.4,1406,Fresh,60,Upright,61,no,no,no,no,no,no,Barry Shils,Jordan Christopher Michael,Sandy Baron,Mary Woronov,Meat Loaf,Drew Barrymore,http://www.imdb.com/title/tt0104922/,//www.rottentomatoes.com/m/motorama/
Lost and Delirious,Feature Film,Drama,103,R,Lions Gate Releasing,2001,7,20,2001,12,11,7,16755,Rotten,51,Upright,78,no,no,no,no,no,no,Lea Pool,Piper Perabo,Jessica Pare,Mischa Barton,Jackie Burroughs,Eleanor Bannet,http://www.imdb.com/title/tt0245238/,//www.rottentomatoes.com/m/lost_and_delirious/
Antiviral,Feature Film,Drama,108,Unrated,IFC,2013,4,12,2013,8,6,5.6,9003,Fresh,64,Spilled,40,no,no,no,no,no,no,Brandon Cronenberg,Caleb Landry Jones,Sarah Gadon,Douglas Smith,Joe Pingue,Malcolm McDowell,http://www.imdb.com/title/tt2099556/,//www.rottentomatoes.com/m/antiviral/
Failure to Launch,Feature Film,Drama,97,PG-13,Paramount Pictures,2006,3,10,2006,6,27,5.6,56361,Rotten,24,Spilled,52,no,no,yes,no,no,no,Tom Dey,Matthew McConaughey,Sarah Jessica Parker,Zooey Deschanel,Justin Bartha,Bradley Cooper,http://www.imdb.com/title/tt0427229/,//www.rottentomatoes.com/m/failure_to_launch/
A Stranger Among Us,Feature Film,Drama,110,PG-13,Buena Vista Pictures,1992,1,1,2003,6,3,5.7,2701,Rotten,23,Spilled,40,no,no,no,no,no,no,Sidney Lumet,Melanie Griffith,Eric Thal,John Pankow,Tracy Pollan,Lee Richardson,http://www.imdb.com/title/tt0105483/,//www.rottentomatoes.com/m/stranger_among_us/
Savior,Feature Film,Drama,103,R,Sony Pictures Home Entertainment,1998,11,20,1999,4,20,7.3,8561,Rotten,56,Upright,81,no,no,no,no,no,no,Predrag Antonijevic,Dennis Quaid,Nastassja Kinski,Natasa Ninkovic,Sergej Trifunovic,Nebojsa Glogovac,http://www.imdb.com/title/tt0120070/,//www.rottentomatoes.com/m/savior/
Project X,Feature Film,Drama,88,R,Warner Bros. Pictures,2012,3,2,2012,6,19,6.7,151934,Rotten,28,Upright,61,no,no,no,no,no,no,Jonathan Kaplan,Thomas Mann,Oliver Cooper,Dax Flame,Kirby Bliss Blanton,Jonathan Brown,http://www.imdb.com/title/tt1636826/,//www.rottentomatoes.com/m/project_x_2011/
Bottle Rocket,Feature Film,Drama,91,R,Columbia Pictures,1996,2,23,1998,12,22,7.1,52449,Certified Fresh,85,Upright,80,no,no,no,no,no,no,Wes Anderson,Owen Wilson,Luke Wilson,Robert Musgrave,Ned Dowd,James Caan,http://www.imdb.com/title/tt0115734/,//www.rottentomatoes.com/m/bottle_rocket/
At First Sight,Feature Film,Drama,128,PG-13,MGM,1999,1,15,1999,4,27,5.9,11001,Rotten,32,Spilled,46,no,no,no,no,no,no,Irwin Winkler,Val Kilmer,Mira Sorvino,Kelly McGillis,Steven Weber,Bruce Davison,http://www.imdb.com/title/tt0132512/,//www.rottentomatoes.com/m/1084607-at_first_sight/
Session 9,Feature Film,Drama,100,R,USA Films,2001,8,10,2002,2,26,6.5,42613,Fresh,63,Upright,64,no,no,no,no,no,no,Brad Anderson,David Caruso,Stephen Gevedon,Paul Guilfoyle,Josh Lucas,Peter Mullan,http://www.imdb.com/title/tt0261983/,//www.rottentomatoes.com/m/session_9/
Liz & Dick,TV Movie,Drama,88,Unrated,E1 Entertainment,2012,1,1,2013,5,14,4.1,3505,Rotten,33,Spilled,19,no,no,no,no,no,no,Lloyd Kramer,Lindsay Lohan,Grant  Bowler,Theresa Russell,David Hunt,Bruce Nozick,http://www.imdb.com/title/tt2375255/,//www.rottentomatoes.com/m/liz_and_dick/
Love and Death,Feature Film,Drama,85,PG,United Artists,1975,6,10,2000,7,5,7.8,26628,Fresh,100,Upright,90,no,no,no,yes,yes,no,Woody Allen,Woody Allen,Diane Keaton,Harold Gould,Despo Diamantidou,Edmond Ardisson,http://www.imdb.com/title/tt0073312/,//www.rottentomatoes.com/m/love_and_death/
Catch a Fire,Feature Film,Drama,101,PG-13,Focus Features,2006,10,27,2007,1,30,6.7,9291,Certified Fresh,76,Upright,71,no,no,no,no,no,no,Phillip Noyce,Tim Robbins,Derek Luke,Bonnie Henna,Mncedisi Shabangu,Tumisho K. Masha,http://www.imdb.com/title/tt0437232/,//www.rottentomatoes.com/m/catch_a_fire/
Run Lola Run,Feature Film,Drama,81,R,Sony Pictures Classics,1999,6,18,1999,12,21,7.8,157701,Certified Fresh,93,Upright,90,no,no,no,no,no,no,Tom Tykwer,Franka Potente,Moritz Bleibtreu,Herbert Knaup,Nina Petri,Armin Rohde,http://www.imdb.com/title/tt0130827/,//www.rottentomatoes.com/m/run_lola_run/
Waking Life,Feature Film,Drama,99,R,Fox Searchlight,2001,1,19,2002,5,7,7.8,47065,Certified Fresh,80,Upright,87,no,no,no,no,no,no,Richard Linklater,Lorelei Linklater,Trevor Jack Brooks,Glover Gill,Timothy 'Speed' Levitch,Laura Hicks,http://www.imdb.com/title/tt0243017/,//www.rottentomatoes.com/m/waking_life/
Being John Malkovich,Feature Film,Drama,112,R,Gramercy Pictures,1999,10,29,2000,5,2,7.8,246587,Certified Fresh,93,Upright,87,no,no,no,no,no,no,Spike Jonze,John Cusack,Cameron Diaz,Catherine Keener,John Malkovich,Orson Bean,http://www.imdb.com/title/tt0120601/,//www.rottentomatoes.com/m/being_john_malkovich/
Secondhand Lions,Feature Film,Drama,111,PG,New Line Cinema,2003,9,19,2004,2,3,7.6,42208,Rotten,59,Upright,84,no,no,yes,no,no,no,Tim McCanlies,Michael Caine,Robert Duvall,Haley Joel Osment,Kyra Sedgwick,Nicky Katt,http://www.imdb.com/title/tt0327137/,//www.rottentomatoes.com/m/secondhand_lions/
Politiki Kouzina (A Touch of Spice),Feature Film,Drama,108,Unrated,Brainstorm Media,2003,10,24,2010,1,26,7.6,9216,Rotten,31,Upright,86,no,no,no,no,no,no,Tassos Boulmetis,Georges Corraface,Ieroklis Michaelidis,Ieroklis Mihailidis,Renia Louizidou,Basak Koklukaya,http://www.imdb.com/title/tt0378897/,//www.rottentomatoes.com/m/politiki-kouzina-a-touch-of-spice/
200 Cigarettes,Feature Film,Drama,101,R,Paramount Pictures,1999,2,26,1999,8,31,5.9,12877,Rotten,28,Spilled,59,no,no,no,no,no,no,Risa Bramon Garcia,Ben Affleck,Martha Plimpton,Paul Rudd,Janeane Garofalo,Courtney Love,http://www.imdb.com/title/tt0137338/,//www.rottentomatoes.com/m/200_cigarettes/
The Wild Geese,Feature Film,Drama,134,R,Tango Entertainment,1978,11,11,2005,9,27,6.8,9025,Fresh,60,Upright,76,no,no,no,no,no,no,Andrew V. McLaglen,Richard Burton,Richard Harris,Roger Moore,Hardy Kruger,Stewart Granger,http://www.imdb.com/title/tt0078492/,//www.rottentomatoes.com/m/wild_geese/
No Mercy,Feature Film,Drama,106,R,Sony Pictures Home Entertainment,1986,12,19,2001,3,6,5.6,4970,Rotten,21,Spilled,29,no,no,no,no,no,no,Richard Pearce,Richard Gere,Kim Basinger,Jeroen Krabbe,George Dzundza,Gary Basaraba,http://www.imdb.com/title/tt0091637/,//www.rottentomatoes.com/m/1015199-no_mercy/
Me and You and Everyone We Know,Feature Film,Drama,91,R,IFC Films,2005,6,24,2005,10,11,7.4,30641,Certified Fresh,81,Upright,84,no,no,no,no,no,no,Miranda July,John Hawkes,Miranda July,Miles Thompson,Brandon Ratcliff,Carlie Westerman,http://www.imdb.com/title/tt0415978/,//www.rottentomatoes.com/m/me_and_you_and_everyone_we_know/
Henry: Portrait of a Serial Killer,Feature Film,Drama,83,NC-17,GreyCat Films,1986,9,24,1998,11,17,7,22601,Certified Fresh,86,Upright,71,no,no,no,no,no,no,John McNaughton,Michael Rooker,Tom Towles,Tracy Arnold,Tracey Arnold,Mary Demas,http://www.imdb.com/title/tt0099763/,//www.rottentomatoes.com/m/henry-portrait-of-a-serial-killer/
Someone to Watch over Me,Feature Film,Drama,106,R,Sony Pictures Home Entertainment,1987,10,9,2001,8,28,6.1,7076,Fresh,76,Spilled,42,no,no,no,no,no,no,Ridley Scott,Tom Berenger,Mimi Rogers,Lorraine Bracco,Jerry Orbach,John Rubinstein,http://www.imdb.com/title/tt0094008/,//www.rottentomatoes.com/m/someone_to_watch_over_me/
Normal,TV Movie,Drama,110,Unrated,Bankside Films,2003,1,21,2003,10,7,7.3,2598,Fresh,100,Upright,75,no,no,no,yes,no,no,Jane Anderson,Tom Wilkinson,Jessica Lange,Randall Arney,Hayden Panettiere,Joe Sikora,http://www.imdb.com/title/tt0338290/,//www.rottentomatoes.com/m/normal/
Winter's Bone,Feature Film,Drama,100,R,Roadside Attractions,2010,6,11,2010,10,26,7.2,108598,Certified Fresh,94,Upright,76,yes,no,no,yes,no,no,Debra Granik,Jennifer Lawrence,John Hawkes,Kevin Breznahan,Dale Dickey,Garret Dillahunt,http://www.imdb.com/title/tt1399683/,//www.rottentomatoes.com/m/10012136-winters_bone/
Your Sister's Sister,Feature Film,Drama,90,R,IFC Films,2012,6,15,2012,11,6,6.7,20655,Certified Fresh,83,Upright,66,no,no,no,no,no,no,Lynn Shelton,Emily Blunt,Rosemarie DeWitt,Mark Duplass,Mike Birbiglia,Mike Harring,http://www.imdb.com/title/tt1742336/,//www.rottentomatoes.com/m/your_sisters_sister/
The Kingdom,Feature Film,Drama,110,R,Universal Pictures,2007,9,28,2007,12,23,7.1,99192,Rotten,51,Upright,76,no,no,yes,no,no,no,Peter Berg,Jamie Foxx,Chris Cooper,Jennifer Garner,Jason Bateman,Ashraf Barhom,http://www.imdb.com/title/tt0431197/,//www.rottentomatoes.com/m/the_kingdom/
Patch Adams,Feature Film,Drama,115,PG-13,Universal Studios,1998,12,25,1999,6,22,6.7,77762,Rotten,22,Upright,74,no,no,yes,no,no,no,Tom Shadyac,Robin Williams,Daniel London,Monica Potter,Philip Seymour Hoffman,Bob Gunton,http://www.imdb.com/title/tt0129290/,//www.rottentomatoes.com/m/patch_adams/
The Heavenly Kid,Feature Film,Drama,90,PG-13,Orion,1985,7,26,2005,11,15,6.2,2830,Rotten,25,Upright,64,no,no,no,no,no,no,Cary Medoway,Lewis Smith,Richard Mulligan,Jason Gedrick,Jane Kaczmarek,Mark Metcalf,http://www.imdb.com/title/tt0089265/,//www.rottentomatoes.com/m/heavenly_kid/
Hoodlum,Feature Film,Drama,130,R,905 Corporation,1997,8,27,2001,5,15,6.2,8016,Rotten,45,Upright,66,no,no,no,no,no,no,Bill Duke,Laurence Fishburne,Tim Roth,Vanessa L. Williams,Andy Garcia,Cicely Tyson,http://www.imdb.com/title/tt0119311/,//www.rottentomatoes.com/m/1078030-hoodlum/
National Security,Feature Film,Drama,88,PG-13,Sony Pictures,2003,1,17,2003,5,27,5.6,37938,Rotten,11,Spilled,45,no,no,no,no,no,no,Dennis Dugan,Martin Lawrence,Steve Zahn,Colm Feore,Bill Duke,Eric Roberts,http://www.imdb.com/title/tt0271668/,//www.rottentomatoes.com/m/national_security/
Young Adult,Feature Film,Drama,94,R,Paramount Studios,2011,12,16,2012,3,13,6.3,63219,Certified Fresh,80,Spilled,49,no,no,no,yes,no,no,Jason Reitman,Charlize Theron,Patton Oswalt,Patrick Wilson,Elizabeth Reaser,Collette Wolfe,http://www.imdb.com/title/tt1625346/,//www.rottentomatoes.com/m/young_adult/
The Man Who Sued God,Feature Film,Drama,97,R,NA,2001,10,25,2007,3,13,6.5,4251,Fresh,71,Spilled,59,no,no,no,no,no,no,Mark Joffe,Billy Connolly,Judy Davis,Colin Friels,Bille Brown,Wendy Hughes,http://www.imdb.com/title/tt0268437/,//www.rottentomatoes.com/m/man_who_sued_god/
Compliance,Feature Film,Drama,90,R,Magnolia Pictures,2012,8,17,2013,1,8,6.4,23697,Certified Fresh,89,Upright,60,no,no,no,no,no,no,Craig Zobel,Ann Dowd,Dreama Walker,Pat Healy,Bill Camp,Philip Ettinger,http://www.imdb.com/title/tt1971352/,//www.rottentomatoes.com/m/compliance_2012/
Maniac,Feature Film,Drama,87,R,Analysis,1980,1,1,1998,6,30,6.5,9787,Rotten,43,Spilled,58,no,no,no,no,no,no,William Lustig,Joe Spinell,Caroline Munro,Gail Lawrence,Kelly Piper,Rita Montone,http://www.imdb.com/title/tt0081114/,//www.rottentomatoes.com/m/maniac_1980/
Maurice,Feature Film,Drama,140,R,Lorimar Home Video,1987,9,1,2004,2,24,7.8,10380,Fresh,91,Upright,87,no,no,no,no,no,no,James Ivory,James Wilby,Hugh Grant,Rupert Graves,Denholm Elliott,Simon Callow,http://www.imdb.com/title/tt0093512/,//www.rottentomatoes.com/m/maurice/
The Last Boy Scout,Feature Film,Drama,105,R,Warner Home Video,1991,12,13,1998,5,26,6.9,73280,Rotten,42,Upright,68,no,no,no,no,no,no,Tony Scott,Bruce Willis,Damon Wayans,Chelsea Field,Noble Willingham,Taylor Negron,http://www.imdb.com/title/tt0102266/,//www.rottentomatoes.com/m/last_boy_scout/
RoboCop,Feature Film,Drama,102,R,Orion Pictures Corporation,1987,7,17,2001,10,2,7.5,172765,Certified Fresh,88,Upright,83,no,no,no,no,no,no,Paul Verhoeven,Peter Weller,Nancy Allen,Ronny Cox,Kurtwood Smith,Miguel Ferrer,http://www.imdb.com/title/tt0093870/,//www.rottentomatoes.com/m/1017712-robocop/
Bamboozled,Feature Film,Drama,135,R,New Line Cinema,2000,10,6,2001,4,17,6.4,8604,Rotten,48,Upright,74,no,no,no,no,no,no,Spike Lee,Damon Wayans,Savion Glover,Tommy Davidson,Michael Rapaport,Thomas Jefferson Byrd,http://www.imdb.com/title/tt0215545/,//www.rottentomatoes.com/m/bamboozled/
The Slaughter Rule,Feature Film,Drama,112,R,Cowboy Pictures,2002,1,11,2003,2,17,6.1,1995,Fresh,73,Spilled,44,no,no,no,no,no,no,Alex Smith,Ryan Gosling,David Morse,Clea DuVall,Eddie Spears,Kelly Lynch,http://www.imdb.com/title/tt0266971/,//www.rottentomatoes.com/m/slaughter_rule/
11'09''01 - September 11,Feature Film,Drama,134,Unrated,Empire Pictures,2002,9,11,2004,10,26,7,4821,Certified Fresh,78,Upright,64,no,no,yes,no,no,no,Samira Makhmalbaf,Sean Penn,Maryam Karimi,Mohamad Dolati,Agelem Habibi,Esmat Vahedi,http://www.imdb.com/title/tt0328802/,//www.rottentomatoes.com/m/september_11/
Rampart,Feature Film,Drama,108,R,Millenium Entertainment,2012,2,10,2012,5,15,5.8,19115,Certified Fresh,74,Spilled,35,no,no,no,no,no,no,Oren Moverman,Woody Harrelson,Sigourney Weaver,Robin Wright,Ned Beatty,Ben Foster,http://www.imdb.com/title/tt1640548/,//www.rottentomatoes.com/m/rampart_2010/
Cashback,Feature Film,Drama,102,R,Magnolia Pictures,2007,4,20,2007,7,24,7.2,70994,Rotten,46,Upright,78,no,no,no,no,no,no,Sean Ellis,Sean Biggerstaff,Emilia Fox,Shaun Evans,Michelle Ryan,Stuart Goodwin,http://www.imdb.com/title/tt0460740/,//www.rottentomatoes.com/m/cashback/
The Host,Feature Film,Drama,120,R,Magnolia Pictures,2007,3,9,2007,7,24,7,66233,Certified Fresh,92,Upright,72,no,no,no,no,no,no,Bong Joon-ho,Song Kang-ho,Park Hae-il,Byeon Hie-bong,Du-na Bae,Ko Ah-sung,http://www.imdb.com/title/tt0468492/,//www.rottentomatoes.com/m/the_host_2007/
Aspen Extreme,Feature Film,Drama,113,PG-13,Buena Vista,1993,1,22,2002,9,3,5.8,2295,Rotten,22,Upright,66,no,no,no,no,no,no,Patrick Hasburgh,Paul Gross,Peter Berg,Finola Hughes,Teri Polo,William Russ,http://www.imdb.com/title/tt0106315/,//www.rottentomatoes.com/m/aspen_extreme/
Nomads,Feature Film,Drama,91,R,Paramount Home Video,1986,3,7,2002,4,16,5.5,2698,Rotten,13,Spilled,37,no,no,no,no,no,no,John McTiernan,Pierce Brosnan,Lesley-Anne Down,Anna Maria Monticelli,Adam Ant,Hector Mercado,http://www.imdb.com/title/tt0091647/,//www.rottentomatoes.com/m/nomads/
What Richard Did,Feature Film,Drama,88,Unrated,Tribeca Films,2013,5,10,2014,6,23,6.3,3359,Fresh,93,Upright,62,no,no,no,no,no,no,Lenny Abrahamson,Jack Reynor,Roisin Murphy,Sam Keeley,Lars Mikkelsen,Fionn Walton,http://www.imdb.com/title/tt2092011/,//www.rottentomatoes.com/m/what_richard_did/
The King of Comedy,Feature Film,Drama,109,PG,Fox,1983,1,1,2002,12,17,7.8,49374,Certified Fresh,89,Upright,89,no,no,yes,no,yes,no,Martin Scorsese,Robert De Niro,Jerry Lewis,Sandra Bernhard,Ed Herlihy,Louis Polliman Brown,http://www.imdb.com/title/tt0085794/,//www.rottentomatoes.com/m/1011623-king_of_comedy/
Electric Dreams,Feature Film,Drama,95,PG,MGM,1984,7,20,NA,NA,NA,6.5,5149,Rotten,47,Upright,72,no,no,no,no,no,no,Steve Barron,Lenny Von Dohlen,Virginia Madsen,Maxwell Caulfield,Bud Cort,Don Fellows,http://www.imdb.com/title/tt0087197/,//www.rottentomatoes.com/m/1006510-electric_dreams/
Bull Durham,Feature Film,Drama,108,R,Orion Pictures,1988,6,15,1998,10,28,7.1,35577,Certified Fresh,97,Upright,83,no,no,no,yes,no,no,Ron Shelton,Kevin Costner,Susan Sarandon,Tim Robbins,Trey Wilson,Robert Wuhl,http://www.imdb.com/title/tt0094812/,//www.rottentomatoes.com/m/bull_durham/
The Saddest Music in the World,Feature Film,Drama,100,R,IFC Films,2004,4,30,2004,11,16,7.2,5002,Certified Fresh,78,Upright,79,no,no,no,no,no,no,Guy Maddin,Isabella Rossellini,Mark McKinney,Maria de Medeiros,Ross McMillan,David Fox,http://www.imdb.com/title/tt0366996/,//www.rottentomatoes.com/m/saddest_music_in_the_world/
Twenty Bucks,Feature Film,Drama,91,R,Sony Pictures Home Entertainment,1993,1,1,2005,7,4,6.4,3101,Fresh,75,Upright,63,no,no,no,no,no,no,Keva Rosenfeld,Linda Hunt,Brendan Fraser,Gladys Knight,Elisabeth Shue,David Rasche,http://www.imdb.com/title/tt0108410/,//www.rottentomatoes.com/m/twenty_bucks/
Fair Game,Feature Film,Drama,108,PG-13,Summit Entertainment,2010,11,5,2011,3,29,6.8,37506,Certified Fresh,79,Upright,65,no,no,yes,no,no,no,Doug Liman,Naomi Watts,Sean Penn,Bruce McGill,Michael Kelly,Ty Burrell,http://www.imdb.com/title/tt0977855/,//www.rottentomatoes.com/m/fair-game-2010/
Max Manus: Man of War,Feature Film,Drama,118,Unrated,Nordisk Film Biograf Distribution,2010,9,3,2011,6,28,7.3,21443,Fresh,80,Upright,83,no,no,no,no,no,no,Joachim Roenning,Askel Hennie,Aksel Hennie,Agnes Kittelsen,Nicolai Cleve Broch,Ken Duken,http://www.imdb.com/title/tt1029235/,//www.rottentomatoes.com/m/max_manus_man_of_war/
Curdled,Feature Film,Drama,88,R,Miramax,1996,9,6,2004,3,2,5.9,4031,Rotten,17,Spilled,57,no,no,no,no,no,no,Reb Braddock,Angela Jones,William Baldwin,Bruce Ramsay,Mel Gorham,Lois Chiles,http://www.imdb.com/title/tt0115994/,//www.rottentomatoes.com/m/curdled/
Shall We Dance,Feature Film,Drama,106,PG-13,Miramax Films,2004,10,15,2005,2,1,6.1,34461,Rotten,46,Spilled,57,no,no,no,yes,no,no,Peter Chelsom,Richard Gere,Jennifer Lopez,Susan Sarandon,Stanley Tucci,Bobby Cannavale,http://www.imdb.com/title/tt0358135/,//www.rottentomatoes.com/m/shall_we_dance/
The Evening Star,Feature Film,Drama,129,PG-13,Paramount Home Video,1996,6,1,2001,2,27,5.8,3358,Rotten,23,Upright,65,no,no,no,yes,no,no,Robert Harling,Shirley MacLaine,Bill Paxton,Juliette Lewis,Miranda Richardson,Ben Johnson,http://www.imdb.com/title/tt0116240/,//www.rottentomatoes.com/m/evening_star/
Cloud Atlas,Feature Film,Drama,172,R,Warner Bros. Pictures,2012,10,26,2013,5,14,7.5,275125,Fresh,66,Upright,66,no,no,yes,yes,no,no,Tom Tykwer,Tom Hanks,Halle Berry,Jim Broadbent,Hugo Weaving,Jim Sturgess,http://www.imdb.com/title/tt1371111/,//www.rottentomatoes.com/m/cloud_atlas_2012/
A Little Romance,Feature Film,Drama,110,PG,WARNER BROTHERS PICTURES,1979,4,27,2003,1,7,7.5,3859,Fresh,72,Upright,86,no,no,yes,no,yes,no,George Roy Hill,Laurence Olivier,Diane Lane,Thelonious Bernard,Thelonius Bernard,Arthur Hill,http://www.imdb.com/title/tt0079477/,//www.rottentomatoes.com/m/1012506-little_romance/
First Knight,Feature Film,Drama,134,PG-13,Sony Pictures Home Entertainment,1995,7,7,1997,10,7,5.9,53535,Rotten,47,Spilled,55,no,no,no,no,no,no,Jerry Zucker,Sean Connery,Richard Gere,Julia Ormond,Ben Cross,Liam Cunningham,http://www.imdb.com/title/tt0113071/,//www.rottentomatoes.com/m/first_knight/
The Hurt Locker,Feature Film,Drama,131,R,Summit Entertainment,2009,6,26,2010,1,12,7.6,318019,Certified Fresh,98,Upright,84,no,yes,no,no,yes,no,Kathryn Bigelow,Jeremy Renner,Anthony Mackie,Brian Geraghty,Guy Pearce,Ralph Fiennes,http://www.imdb.com/title/tt0887912/,//www.rottentomatoes.com/m/hurt_locker/
A Prayer for the Dying,Feature Film,Drama,107,R,Virgin Vision,1987,9,1,2003,2,4,6.4,3342,Fresh,63,Spilled,55,no,no,no,no,no,no,Mike Hodges,Mickey Rourke,Bob Hoskins,Alan Bates,Sammi Davis,Christopher Fulford,http://www.imdb.com/title/tt0093771/,//www.rottentomatoes.com/m/a_prayer_for_the_dying/
Conversations With Other Women,Feature Film,Drama,84,R,Fabrication Films,2006,8,11,2007,1,9,7.1,9939,Fresh,74,Upright,76,no,no,no,no,no,no,Hans Canosa,Aaron Eckhart,Brian Geraghty,Brianna Brown,Olivia Wilde,Thomas Lennon,http://www.imdb.com/title/tt0435623/,//www.rottentomatoes.com/m/conversations_with_other_women/
Sleepwalking,Feature Film,Drama,101,R,Overture Films,2008,1,22,2008,7,8,6.2,4857,Rotten,17,Spilled,43,no,no,no,yes,no,no,Bill Maher,Charlize Theron,Nick Stahl,Annasophia Robb,Dennis Hopper,Woody Harrelson,http://www.imdb.com/title/tt0888693/,//www.rottentomatoes.com/m/sleepwalking/
"Next Stop, Greenwich Village",Feature Film,Drama,111,R,20th Century Fox Film Corporation,1976,2,4,2005,12,13,6.9,1428,Fresh,73,Upright,62,no,no,no,no,no,no,Paul Mazursky,Lenny Baker,Shelley Winters,Christopher Walken,Ellen Greene,Lois Smith,http://www.imdb.com/title/tt0074963/,//www.rottentomatoes.com/m/next_stop_greenwich_village/
Resurrecting the Champ,Feature Film,Drama,112,PG-13,Yari Film Group Releasing,2007,8,24,2008,2,26,6.8,18141,Fresh,60,Upright,60,no,no,no,no,no,no,Rod Lurie,Samuel L. Jackson,Josh Hartnett,Kathryn Morris,Alan Alda,Rachel Nichols,http://www.imdb.com/title/tt0416185/,//www.rottentomatoes.com/m/resurrecting_the_champ/
The Help,Feature Film,Drama,146,PG-13,DreamWorks Studios,2011,8,10,2011,12,6,8.1,303529,Certified Fresh,76,Upright,89,yes,no,no,no,no,no,Tate Taylor,Emma Stone,Viola Davis,Bryce Dallas Howard,Octavia Spencer,Jessica Chastain,http://www.imdb.com/title/tt1454029/,//www.rottentomatoes.com/m/the_help/
A Scanner Darkly,Feature Film,Drama,100,R,Warner Independent Pictures,2006,7,28,2006,12,19,7.1,86953,Fresh,69,Upright,74,no,no,no,no,no,no,Richard Linklater,Keanu Reeves,Robert Downey Jr.,Woody Harrelson,Winona Ryder,Rory Cochrane,http://www.imdb.com/title/tt0405296/,//www.rottentomatoes.com/m/scanner_darkly/
Hard Candy,Feature Film,Drama,104,R,Lions Gate Films,2006,4,14,2006,9,19,7.1,128361,Fresh,68,Upright,78,no,no,no,no,no,no,David Slade,Ellen Page,Patrick Wilson,Sandra Oh,Jennifer Holmes,G.J. Echternkamp,http://www.imdb.com/title/tt0424136/,//www.rottentomatoes.com/m/hard_candy/
This Is the End,Feature Film,Drama,107,R,Sony Pictures,2013,6,12,2013,10,1,6.7,297034,Certified Fresh,83,Upright,71,no,no,no,no,no,no,Seth Rogen,James Franco,Jonah Hill,Danny McBride,Craig Robinson,Michael Cera,http://www.imdb.com/title/tt1245492/,//www.rottentomatoes.com/m/this_is_the_end/
Longtime Companion,Feature Film,Drama,96,R,Samuel Goldwyn Company,1990,5,11,2001,1,23,7.6,4143,Fresh,100,Upright,82,no,no,no,no,no,no,Norman Rene,Bruce Davison,Mark Lamos,Campbell Scott,Stephen Caffrey,Patrick Cassidy,http://www.imdb.com/title/tt0100049/,//www.rottentomatoes.com/m/longtime_companion/
"Aguirre, der Zorn Gottes (Aguirre, the Wrath of God)",Feature Film,Drama,93,R,New Yorker Films,1972,12,29,2000,10,24,8,36909,Fresh,98,Upright,91,no,no,no,no,no,no,Werner Herzog,Klaus Kinski,Ruy Guerra,Ruy Guerra,Del Negro,Del Negro,http://www.imdb.com/title/tt0068182/,//www.rottentomatoes.com/m/aguirre_the_wrath_of_god/
Inserts,Feature Film,Drama,117,NC-17,NA,1975,1,1,2005,8,23,6.4,1043,Fresh,80,Spilled,56,no,no,yes,no,no,no,John Byrum,Richard Dreyfuss,Jessica Harper,Stephen Davies,Veronica Cartwright,Bob Hoskins,http://www.imdb.com/title/tt0073172/,//www.rottentomatoes.com/m/inserts/
Valmont,Feature Film,Drama,137,R,Orion Home Video,1989,11,1,2002,5,14,7,9725,Rotten,54,Upright,70,no,no,yes,no,no,no,Milos Forman,Colin Firth,Annette Bening,Meg Tilly,Fairuza Balk,Sian Phillips,http://www.imdb.com/title/tt0098575/,//www.rottentomatoes.com/m/valmont/
Kill Bill: Volume 2,Feature Film,Drama,137,R,Miramax Films,2004,4,16,2004,8,10,8,490295,Certified Fresh,84,Upright,89,no,no,no,no,no,no,Quentin Tarantino,Uma Thurman,David Carradine,Michael Madsen,Daryl Hannah,Gordon Liu,http://www.imdb.com/title/tt0378194/,//www.rottentomatoes.com/m/kill_bill_volume_2/
Meteor,Feature Film,Drama,108,PG,American International Pictures,1979,10,19,2000,3,7,4.9,5136,Rotten,5,Spilled,13,no,no,no,no,no,no,Ronald Neame,Sean Connery,Natalie Wood,Karl Malden,Brian Keith,Martin Landau,http://www.imdb.com/title/tt0079550/,//www.rottentomatoes.com/m/1013772-meteor/
Stolen Summer,Feature Film,Drama,91,PG,Miramax Films,2002,3,22,2002,9,24,6.5,2408,Rotten,36,Upright,68,no,no,no,no,no,no,Pete Jones,Aidan Quinn,Bonnie Hunt,Adiel Stein,Kevin Pollak,Adi Stein,http://www.imdb.com/title/tt0286162/,//www.rottentomatoes.com/m/stolen_summer/
Mr. Jones,Feature Film,Drama,114,R,Sony Pictures Home Entertainment,1993,10,8,2000,1,25,5.7,5425,Rotten,46,Spilled,51,no,no,no,yes,no,no,Mike Figgis,Richard Gere,Lena Olin,Anne Bancroft,Delroy Lindo,Tom Irwin,http://www.imdb.com/title/tt0107611/,//www.rottentomatoes.com/m/mr_jones/
The Take,Feature Film,Drama,96,R,Hatchet Films,2007,4,11,2008,5,27,5.8,1886,Fresh,85,Spilled,49,no,no,no,no,no,no,Brad Furman,John Leguizamo,Tyrese Gibson,Rosie Perez,Bobby Cannavale,Yul Vazquez,http://www.imdb.com/title/tt0828158/,//www.rottentomatoes.com/m/1194326-take/
A Star is Born,Feature Film,Drama,139,R,Warner Bros. Pictures,1976,12,17,2004,9,21,6.5,4874,Rotten,31,Upright,69,yes,no,no,yes,no,no,Frank R. Pierson,Barbra Streisand,Kris Kristofferson,Gary Busey,Oliver Clark,Vanetta Fields,http://www.imdb.com/title/tt0075265/,//www.rottentomatoes.com/m/1019831-star_is_born/
The Belly of an Architect,Feature Film,Drama,119,R,Hemdale,1987,1,1,2004,6,15,7,4121,Fresh,91,Upright,80,no,no,no,no,no,no,Peter Greenaway,Brian Dennehy,Chloe Webb,Lambert Wilson,Sergio Fantoni,Vanni Corbellini,http://www.imdb.com/title/tt0092637/,//www.rottentomatoes.com/m/belly_of_an_architect/
Veronica Mars,Feature Film,Drama,107,PG-13,Warner Bros.,2014,3,14,2014,5,6,6.8,40133,Certified Fresh,78,Upright,79,no,no,no,no,no,no,Rob Thomas (III),Kristen Bell,Ryan Hansen,Jason Dohring,Chris Lowell,Tina Majorino,http://www.imdb.com/title/tt2771372/,//www.rottentomatoes.com/m/veronica_mars/
21 Grams,Feature Film,Drama,124,R,Universal Pictures,2003,11,21,2004,3,16,7.7,183747,Certified Fresh,80,Upright,86,no,no,yes,no,yes,no,Alejandro Gonzalez Inarritu,Sean Penn,Naomi Watts,Benicio Del Toro,Charlotte Gainsbourg,Melissa Leo,http://www.imdb.com/title/tt0315733/,//www.rottentomatoes.com/m/21_grams/
Thunderheart,Feature Film,Drama,119,R,Sony Pictures Home Entertainment,1992,4,1,2000,11,7,6.8,11103,Fresh,87,Upright,75,no,no,no,no,no,no,Michael Apted,Val Kilmer,Sam Shepard,Graham Greene (II),Fred Ward,Fred Dalton Thompson,http://www.imdb.com/title/tt0105585/,//www.rottentomatoes.com/m/thunderheart/
Brubaker,Feature Film,Drama,131,R,20th Century Fox Film Corporation,1980,6,20,2003,5,20,7.1,11236,Fresh,75,Upright,74,no,no,no,no,no,no,Stuart Rosenberg,Robert Redford,Yaphet Kotto,Jane Alexander,Murray Hamilton,David Keith,http://www.imdb.com/title/tt0080474/,//www.rottentomatoes.com/m/brubaker/
Melancholia,Feature Film,Drama,130,R,Magnolia Pictures,2011,11,11,2012,3,13,7.1,122980,Certified Fresh,79,Upright,67,no,no,no,no,no,no,Lars von Trier,Kirsten Dunst,Charlotte Gainsbourg,Kiefer Sutherland,John Hurt,Alexander Skarsgard,http://www.imdb.com/title/tt1527186/,//www.rottentomatoes.com/m/melancholia-2008/
The Man with the Golden Gun,Feature Film,Drama,125,PG,MGM Home Entertainment,1974,12,18,2002,10,22,6.8,71141,Rotten,45,Spilled,57,no,no,no,no,no,no,Guy Hamilton,Roger Moore,Christopher Lee,Britt Ekland,Maud Adams,Herve Villechaize,http://www.imdb.com/title/tt0071807/,//www.rottentomatoes.com/m/man_with_the_golden_gun/
Diner,Feature Film,Drama,110,R,MGM Home Entertainment,1982,4,2,2000,4,4,7.2,14589,Fresh,91,Upright,78,no,no,no,no,yes,no,Barry Levinson,Steve Guttenberg,Daniel Stern,Mickey Rourke,Kevin Bacon,Tim Daly,http://www.imdb.com/title/tt0083833/,//www.rottentomatoes.com/m/diner/
Ragtime,Feature Film,Drama,155,PG,Paramount Pictures,1981,11,20,2004,11,16,7.3,6472,Fresh,90,Upright,76,no,no,yes,no,no,no,Milos Forman,James Cagney,Elizabeth McGovern,Brad Dourif,Moses Gunn,Kenneth McMillan,http://www.imdb.com/title/tt0082970/,//www.rottentomatoes.com/m/ragtime/
One Day,Feature Film,Drama,107,PG-13,Focus Features,2011,8,19,2011,11,29,7,100416,Rotten,36,Spilled,49,no,no,no,no,no,no,Lone Scherfig,Anne Hathaway,Jim Sturgess,Tom Mison,Jodie Whittaker,Rafe Spall,http://www.imdb.com/title/tt1563738/,//www.rottentomatoes.com/m/one_day_2014/
Rambling Rose,Feature Film,Drama,112,R,Live Home Video,1991,9,10,1999,3,16,6.7,3866,Fresh,100,Spilled,51,no,no,yes,no,no,no,Martha Coolidge,Laura Dern,Robert Duvall,Diane Ladd,Lukas Haas,John Heard,http://www.imdb.com/title/tt0102753/,//www.rottentomatoes.com/m/rambling_rose/
V.I. Warshawski,Feature Film,Drama,89,R,Hollywood Pictures,1991,7,26,2002,6,4,4.8,3883,Rotten,17,Spilled,24,no,no,no,no,no,no,Jeff Kanew,Kathleen Turner,Jay O Sanders,Charles Durning,Angela Goethals,Nancy Paul,http://www.imdb.com/title/tt0103184/,//www.rottentomatoes.com/m/vi_warshawski/
Glory,Feature Film,Drama,122,R,TriStar,1989,12,15,1998,1,1,7.9,99582,Certified Fresh,93,Upright,93,no,no,yes,no,no,no,Edward Zwick,Matthew Broderick,Denzel Washington,Cary Elwes,Morgan Freeman,Andre Braugher,http://www.imdb.com/title/tt0097441/,//www.rottentomatoes.com/m/1008415-glory/
Blue Valentine,Feature Film,Drama,112,R,Weinstein Company,2010,12,29,2011,5,10,7.4,135840,Certified Fresh,88,Upright,77,no,no,no,no,no,no,Andrij Parekh,Ryan Gosling,Michelle Williams,Faith Wladyka,John Doman,Mike Vogel,http://www.imdb.com/title/tt1120985/,//www.rottentomatoes.com/m/blue_valentine/
The Other Sister,Feature Film,Drama,129,PG-13,Buena Vista,1999,2,26,2001,4,17,6.4,10126,Rotten,29,Upright,72,no,no,no,yes,no,no,Garry Marshall,Juliette Lewis,Diane Keaton,Tom Skerritt,Giovanni Ribisi,Poppy Montgomery,http://www.imdb.com/title/tt0123209/,//www.rottentomatoes.com/m/other_sister/
The Astronaut Farmer,Feature Film,Drama,104,PG,Warner Independent Pictures,2006,10,15,2007,7,10,6.3,19383,Rotten,57,Spilled,49,no,no,no,no,no,no,Michael Polish,Virginia Madsen,Bruce Dern,Tim Blake Nelson,Jasper Polish,Logan Polish,http://www.imdb.com/title/tt0469263/,//www.rottentomatoes.com/m/astronaut_farmer/
Good Will Hunting,Feature Film,Drama,126,R,Miramax Films,1997,12,5,1998,12,8,8.3,572236,Certified Fresh,97,Upright,94,yes,no,no,no,no,no,Gus Van Sant,Matt Damon,Robin Williams,Ben Affleck,Minnie Driver,Casey Affleck,http://www.imdb.com/title/tt0119217/,//www.rottentomatoes.com/m/good_will_hunting/
Town & Country,Feature Film,Drama,104,R,New Line Cinema,2000,9,1,2001,10,16,4.3,4072,Rotten,13,Spilled,14,no,no,no,yes,no,no,Boris Damast,Warren Beatty,Diane Keaton,Goldie Hawn,Garry Shandling,Andie MacDowell,http://www.imdb.com/title/tt0141907/,//www.rottentomatoes.com/m/town_and_country/
Simone,Feature Film,Drama,117,PG-13,New Line Cinema,2002,8,23,2003,1,21,6.1,51070,Rotten,51,Spilled,35,no,no,yes,no,no,no,Andrew Niccol,Al Pacino,Catherine Keener,Rachel Roberts,Evan Rachel Wood,Jay Mohr,http://www.imdb.com/title/tt0258153/,//www.rottentomatoes.com/m/simone_2002/
The Adjuster,Feature Film,Drama,102,R,Alliance Atlantis Communications,1992,5,29,2001,4,10,6.8,2530,Fresh,73,Upright,73,no,no,no,no,no,no,Atom Egoyan,Elias Koteas,Arsinee Khanjian,Maury Chaykin,Gabrielle Rose,Jennifer Dale,http://www.imdb.com/title/tt0101273/,//www.rottentomatoes.com/m/adjuster/
Turistas (Paradise Lost),Feature Film,Drama,93,R,Fox Atomic,2006,12,1,2007,3,27,5.3,30495,Rotten,16,Spilled,28,no,no,no,no,no,no,John Stockwell,Melissa George,Josh Duhamel,Olivia Wilde,Desmond Askew,Beau Garrett,http://www.imdb.com/title/tt0454970/,//www.rottentomatoes.com/m/turistas/
The Prestige,Feature Film,Drama,130,PG-13,Buena Vista Pictures,2006,10,20,2007,2,20,8.5,797101,Certified Fresh,76,Upright,92,no,no,no,no,no,no,Christopher Nolan,Hugh Jackman,Christian Bale,Michael Caine,Piper Perabo,Rebecca Hall,http://www.imdb.com/title/tt0482571/,//www.rottentomatoes.com/m/prestige/
Waist Deep,Feature Film,Drama,97,R,Focus Features,2006,6,23,2006,10,10,5.9,8059,Rotten,27,Upright,76,no,no,no,no,no,no,Stan Lathan,Tyrese Gibson,Meagan Good,The Game,Paul Terrel Clayton,Darris Love,http://www.imdb.com/title/tt0456020/,//www.rottentomatoes.com/m/waist_deep/
The Science of Sleep,Feature Film,Drama,105,R,Warner Independent Pictures,2006,6,18,2007,2,5,7.3,60483,Fresh,71,Upright,81,no,no,no,no,no,no,Michel Gondry,Gael Garcia Bernal,Miou Miou,Charlotte Gainsbourg,Alain Chabat,Miou-Miou,http://www.imdb.com/title/tt0354899/,//www.rottentomatoes.com/m/the_science_of_sleep/
Gracie,Feature Film,Drama,95,PG-13,Picturehouse,2007,6,1,2007,9,17,6.2,3602,Fresh,60,Spilled,58,no,no,no,no,no,no,Davis Guggenheim,Carly Schroeder,Elisabeth Shue,Dermot Mulroney,Andrew Shue,Joshua Caras,http://www.imdb.com/title/tt0441007/,//www.rottentomatoes.com/m/gracie/
Moonstruck,Feature Film,Drama,102,PG,MGM Home Entertainment,1987,12,18,1998,6,30,7.1,34307,Certified Fresh,92,Upright,81,yes,no,yes,yes,no,no,Norman Jewison,Cher,Nicolas Cage,Olympia Dukakis,Fyodor Chaliapin,Vincent Gardenia,http://www.imdb.com/title/tt0093565/,//www.rottentomatoes.com/m/moonstruck/
World Trade Center,Feature Film,Drama,129,PG-13,Paramount Pictures,2006,8,9,2007,1,29,6,66171,Fresh,68,Upright,60,no,no,yes,no,yes,no,Oliver Stone,Nicolas Cage,Michael Pena,Maggie Gyllenhaal,Maria Bello,Stephen Dorff,http://www.imdb.com/title/tt0469641/,//www.rottentomatoes.com/m/world_trade_center/
The Portrait of a Lady,Feature Film,Drama,144,PG-13,PolyGram Video,1996,12,24,1999,9,14,6.3,8685,Rotten,43,Spilled,52,no,no,no,yes,no,no,Jane Campion,Nicole Kidman,John Malkovich,Barbara Hershey,Mary-Louise Parker,Martin Donovan,http://www.imdb.com/title/tt0117364/,//www.rottentomatoes.com/m/1074321-portrait_of_a_lady/
While You Were Sleeping,Feature Film,Drama,103,PG,Buena Vista Pictures,1995,4,21,1998,2,3,6.6,68871,Certified Fresh,80,Upright,79,no,no,no,yes,no,no,Jon Turteltaub,Sandra Bullock,Bill Pullman,Peter Gallagher,Peter Boyle,Jack Warden,http://www.imdb.com/title/tt0114924/,//www.rottentomatoes.com/m/while_you_were_sleeping/
No Country for Old Men,Feature Film,Drama,122,R,Miramax Films,2007,11,21,2009,4,7,8.1,582091,Certified Fresh,93,Upright,86,yes,yes,no,no,yes,no,Joel Coen,Tommy Lee Jones,Javier Bardem,Josh Brolin,Woody Harrelson,Kelly Macdonald,http://www.imdb.com/title/tt0477348/,//www.rottentomatoes.com/m/no_country_for_old_men/
Dare,Feature Film,Drama,92,R,Image Entertainment,2009,11,13,2010,2,9,5.9,3473,Fresh,60,Spilled,34,no,no,no,no,no,no,Adam Salky,Emmy Rossum,Zach Gilford,Ashley Springer,Ana Gasteyer,Alan Cumming,http://www.imdb.com/title/tt1241316/,//www.rottentomatoes.com/m/dare/
The Fifth Element,Feature Film,Drama,126,PG-13,Sony Pictures Home Entertainment,1997,5,9,1997,12,9,7.6,329613,Fresh,71,Upright,87,no,no,no,no,no,no,Luc Besson,Bruce Willis,Ian Holm,Gary Oldman,Chris Tucker,Luke Perry,http://www.imdb.com/title/tt0119116/,//www.rottentomatoes.com/m/fifth_element/
The Greatest Game Ever Played,Feature Film,Drama,120,PG,Buena Vista Pictures,2005,9,30,2006,4,11,7.5,21623,Fresh,63,Upright,82,no,no,no,no,no,no,Bill Paxton,Shia LaBeouf,Stephen Dillane,Elias Koteas,Josh Flitter,Peyton List,http://www.imdb.com/title/tt0388980/,//www.rottentomatoes.com/m/greatest_game_ever_played/
Bootmen,Feature Film,Drama,95,R,Twentieth Century Fox Home Entertainment,2000,10,6,2004,9,7,6.2,1935,Rotten,35,Upright,70,no,no,no,no,no,no,Dein Perry,Adam Garcia,Sophie Lee,Sam Worthington,William Zappa,Richard Carter,http://www.imdb.com/title/tt0210584/,//www.rottentomatoes.com/m/bootmen/
My Dinner with Andre,Feature Film,Drama,110,PG,New Yorker Films,1981,10,11,2001,2,13,7.8,10522,Fresh,91,Upright,86,no,no,no,no,no,no,Louis Malle,Jean Lenauer,Roy Butler,Andre Gregory,Wallace Shawn,NA,http://www.imdb.com/title/tt0082783/,//www.rottentomatoes.com/m/my_dinner_with_andre/
Naked Lunch,Feature Film,Drama,115,R,Twentieth Century Fox Home Entertainment,1991,12,27,2003,11,11,7.1,34298,Fresh,71,Upright,77,no,no,no,no,no,no,David Cronenberg,Peter Weller,Judy Davis,Ian Holm,Julian Davis,Roy Scheider,http://www.imdb.com/title/tt0102511/,//www.rottentomatoes.com/m/naked_lunch/
The Whole Wide World,Feature Film,Drama,111,PG,Sony Entertainment,1996,12,1,2003,7,29,7.3,2869,Fresh,81,Upright,72,no,no,no,no,no,no,Dan Ireland,Vincent D'Onofrio,Renee Zellweger,Ann Wedgeworth,Harve Presnell,Benjamin Mouton,http://www.imdb.com/title/tt0118163/,//www.rottentomatoes.com/m/whole_wide_world/
Swordfish,Feature Film,Drama,99,R,Warner Bros. Pictures,2001,6,8,2001,10,30,6.5,152216,Rotten,26,Upright,60,no,no,no,yes,no,no,Dominic Sena,John Travolta,Hugh Jackman,Halle Berry,Don Cheadle,Vinnie Jones,http://www.imdb.com/title/tt0244244/,//www.rottentomatoes.com/m/swordfish/
The Time Traveler's Wife,Feature Film,Drama,107,PG-13,Warner Bros. Pictures,2009,8,14,2010,2,9,7.1,110540,Rotten,38,Spilled,59,no,no,no,no,no,no,Robert Schwentke,Rachel McAdams,Eric Bana,Arliss Howard,Ron Livingston,Stephen Tobolowsky,http://www.imdb.com/title/tt0452694/,//www.rottentomatoes.com/m/time_travelers_wife/
Breathless,Feature Film,Drama,100,R,Orion Pictures Corporation,1983,5,13,2001,5,15,5.7,6343,Fresh,67,Spilled,49,no,no,no,no,no,no,Jim McBride,Richard Gere,Valerie Kaprisky,Art Metrano,John P. Ryan,William Tepper,http://www.imdb.com/title/tt0085276/,//www.rottentomatoes.com/m/1003066-breathless/
Bookies,Feature Film,Drama,88,R,MGM Home Entertainment,2004,9,1,2004,8,31,6,1890,Fresh,67,Spilled,49,no,no,no,no,no,no,Mark Illsley,Nick Stahl,Lukas Haas,Johnny Galecki,Rachael Leigh Cook,David Proval,http://www.imdb.com/title/tt0302361/,//www.rottentomatoes.com/m/bookies/
What's Cooking?,Feature Film,Drama,109,PG-13,Trimark Pictures,2000,1,20,2001,4,10,7.1,2271,Rotten,52,Upright,64,no,no,no,no,no,no,Gurinder Chadha,Kyra Sedgwick,Mercedes Ruehl,Julianna Margulies,Alfre Woodard,Joan Chen,http://www.imdb.com/title/tt0197096/,//www.rottentomatoes.com/m/whats_cooking/
The Funeral,Feature Film,Drama,99,R,Echo Bridge Home Entertainment,1996,11,1,2000,7,11,6.6,6804,Fresh,79,Upright,68,no,no,no,no,no,no,Abel Ferrara,Christopher Walken,Chris Penn,Vincent Gallo,Benicio Del Toro,Annabella Sciorra,http://www.imdb.com/title/tt0116378/,//www.rottentomatoes.com/m/1074517-funeral/
Trainspotting,Feature Film,Drama,94,R,Miramax Films,1996,7,19,1998,3,24,8.2,448434,Certified Fresh,89,Upright,93,no,no,no,no,yes,no,Danny Boyle,Ewan McGregor,Ewen Bremner,Jonny Lee Miller,Kevin Mckidd,Robert Carlyle,http://www.imdb.com/title/tt0117951/,//www.rottentomatoes.com/m/trainspotting/
I Wanna Hold Your Hand,Feature Film,Drama,104,PG,Universal,1978,1,1,2004,9,28,6.9,2931,Fresh,83,Upright,76,no,no,no,no,yes,no,Robert Zemeckis,Nancy Allen,Bobby Di Cicco,Marc McClure,Susan Kendall Newman,Wendie Jo Sperber,http://www.imdb.com/title/tt0077714/,//www.rottentomatoes.com/m/i_wanna_hold_your_hand/
The Perfect Score,Feature Film,Drama,93,PG-13,Paramount Pictures,2004,1,30,2004,6,29,5.7,19161,Rotten,17,Spilled,44,no,no,no,no,no,no,Brian Robbins,Erika Christensen,Scarlett Johansson,Chris Evans,Bryan Greenberg,Darius Miles,http://www.imdb.com/title/tt0314498/,//www.rottentomatoes.com/m/perfect_score/
Things to Do in Denver...When You're Dead,Feature Film,Drama,115,R,Miramax,1995,12,1,1999,6,29,6.8,21924,Rotten,33,Upright,73,no,no,no,no,no,no,Gary Fleder,Andy Garcia,Christopher Lloyd,William Forsythe,Bill Nunn,Treat Williams,http://www.imdb.com/title/tt0114660/,//www.rottentomatoes.com/m/things_to_do_in_denverwhen_youre_dead/
My Girl 2,Feature Film,Drama,99,PG,Sony Pictures Home Entertainment,1996,6,1,2002,12,3,5.1,14559,Rotten,27,Spilled,46,no,no,no,no,no,no,Howard Zieff,Anna Chlumsky,Dan Aykroyd,Jamie Lee Curtis,Richard Masur,Austin O'Brien,http://www.imdb.com/title/tt0110613/,//www.rottentomatoes.com/m/my-girl-2/
Candy,Feature Film,Drama,116,R,ThinkFilm,2006,11,17,2007,3,27,7.3,34926,Rotten,49,Upright,77,no,no,yes,no,no,no,Neil Armfield,Heath Ledger,Abbie Cornish,Geoffrey Rush,Tony Martin,Noni Hazelhurst,http://www.imdb.com/title/tt0424880/,//www.rottentomatoes.com/m/candy/
The Secret Garden,Feature Film,Drama,101,G,WARNER BROTHERS PICTURES,1993,3,18,2000,1,1,7.3,27097,Certified Fresh,85,Upright,80,no,no,no,yes,no,no,Agnieszka Holland,Kate Maberly,Maggie Smith,Heydon Prowse,Andrew Knott,Laura Crossley,http://www.imdb.com/title/tt0108071/,//www.rottentomatoes.com/m/1045518-secret_garden/
Get on the Bus,Feature Film,Drama,120,R,Sony Pictures Home Entertainment,1996,10,16,2001,1,30,6.8,4021,Certified Fresh,88,Upright,71,no,no,no,no,no,no,Spike Lee,Ossie Davis,Charles S. Dutton,Andre Braugher,Richard Belzer,De'aundre Bonds,http://www.imdb.com/title/tt0116404/,//www.rottentomatoes.com/m/get_on_the_bus/
Punchline,Feature Film,Drama,128,R,Sony Pictures Home Entertainment,1988,9,30,2002,7,9,5.8,6418,Rotten,50,Spilled,42,no,no,yes,yes,no,no,David Seltzer,Tom Hanks,Sally Field,John Goodman,Mark Rydell,Paul Mazursky,http://www.imdb.com/title/tt0095927/,//www.rottentomatoes.com/m/punchline/
Bridget Jones - The Edge of Reason,Feature Film,Drama,108,R,Miramax Films,2004,11,12,2005,3,22,5.9,70737,Rotten,27,Upright,61,no,no,yes,no,no,no,Beeban Kidron,Colin Firth,Renee Zellweger,Hugh Grant,Jim Broadbent,Gemma Jones,http://www.imdb.com/title/tt0317198/,//www.rottentomatoes.com/m/bridget_jones_the_edge_of_reason/
River's Edge,Feature Film,Drama,99,R,Island,1987,5,8,2001,1,23,7.1,11377,Fresh,87,Upright,76,no,no,no,no,no,no,Tim Hunter,Crispin Glover,Dennis Hopper,Keanu Reeves,Daniel Roebuck,Ione Skye,http://www.imdb.com/title/tt0091860/,//www.rottentomatoes.com/m/rivers_edge/
Black Death,Feature Film,Drama,102,R,Magnet Releasing,2011,3,11,2011,5,10,6.4,34253,Fresh,68,Spilled,49,no,no,yes,no,no,no,Christopher Smith,Sean Bean,Eddie Redmayne,Carice van Houten,John Lynch,Tim McInnerny,http://www.imdb.com/title/tt1181791/,//www.rottentomatoes.com/m/black_death-2010/
Little Manhattan,Feature Film,Drama,84,PG,20th Century Fox,2005,9,30,2006,4,4,7.6,17960,Fresh,77,Upright,86,no,no,no,no,no,no,Mark Levin,Josh Hutcherson,Bradley Whitford,Cynthia Nixon,Charlie Ray,Willie Garson,http://www.imdb.com/title/tt0412922/,//www.rottentomatoes.com/m/little_manhattan/
Taps,Feature Film,Drama,126,PG,20th Century Fox Film Corporation,1981,12,9,2002,3,5,6.7,12498,Fresh,75,Upright,67,no,no,yes,no,no,no,Harold Becker,Timothy Hutton,George C. Scott,Ronny Cox,Sean Penn,Tom Cruise,http://www.imdb.com/title/tt0083169/,//www.rottentomatoes.com/m/taps/
A Shot at Glory,Feature Film,Drama,114,R,Fireworks Pictures,2001,6,8,2002,11,19,6.3,1803,Fresh,67,Upright,65,no,no,no,no,no,no,Michael Corrente,Michael Keaton,Ally McCoist,Kirsty Mitchell,Brian Cox,Cole Hauser,http://www.imdb.com/title/tt0193854/,//www.rottentomatoes.com/m/a_shot_at_glory_2001/
Flipped,Feature Film,Drama,90,PG,Warner Bros. Pictures,2010,8,6,2010,11,23,7.7,56919,Rotten,55,Upright,78,no,no,no,no,no,no,Rob Reiner,Madeline Carroll,Callan McAuliffe,Rebecca De Mornay,Anthony Edwards,John Mahoney,http://www.imdb.com/title/tt0817177/,//www.rottentomatoes.com/m/flipped/
Sweet Sixteen,Feature Film,Drama,106,R,Lions Gate Films,2003,5,16,2003,10,7,7.5,10250,Certified Fresh,97,Upright,87,no,no,no,no,no,no,Ken Loach,Martin Compston,Annmarie Fulton,William Ruane,Michelle Abercromby,Michelle Coulter,http://www.imdb.com/title/tt0313670/,//www.rottentomatoes.com/m/sweet_sixteen/
Snake Eyes,Feature Film,Drama,98,R,Paramount Pictures,1998,8,7,1999,2,16,5.9,62773,Rotten,40,Spilled,35,no,no,yes,no,no,no,Brian DePalma,Nicolas Cage,Gary Sinise,John Heard,Carla Gugino,Stan Shaw,http://www.imdb.com/title/tt0120832/,//www.rottentomatoes.com/m/snake_eyes/
What About Bob?,Feature Film,Drama,99,PG,Touchstone Home Entertainment,1991,1,1,2000,7,11,7,48756,Fresh,83,Upright,79,no,no,yes,no,no,no,Frank Oz,Bill Murray,Richard Dreyfuss,Julie Hagerty,Charlie Korsmo,Kathryn Erbe,http://www.imdb.com/title/tt0103241/,//www.rottentomatoes.com/m/what_about_bob/
Real Steel,Feature Film,Drama,127,PG-13,Walt Disney Pictures,2011,10,7,2012,1,24,7.1,246343,Fresh,60,Upright,73,no,no,no,no,no,no,Shawn Levy,Hugh Jackman,Dakota Goyo,Anthony Mackie,Evangeline Lilly,Kevin Durand,http://www.imdb.com/title/tt0433035/,//www.rottentomatoes.com/m/real_steel/
Thieves Like Us,Feature Film,Drama,123,R,United Artists,1974,2,11,2007,4,17,7.1,3146,Fresh,89,Upright,71,no,no,no,yes,no,no,Robert Altman,Keith Carradine,Shelley Duvall,John Schuck,Bert Remsen,Louise Fletcher,http://www.imdb.com/title/tt0072274/,//www.rottentomatoes.com/m/thieves_like_us/
Medicine Man,Feature Film,Drama,106,PG-13,Hollywood Pictures,1992,2,7,1999,8,17,5.9,17101,Rotten,20,Spilled,46,no,no,no,no,no,no,John McTiernan,Lorraine Bracco,Jose Wilker,Rodolfo De Alexandre,Rodolfo de Alexandra,Elias Monteiro Da Silva,http://www.imdb.com/title/tt0104839/,//www.rottentomatoes.com/m/1038176-medicine_man/
Ray,Feature Film,Drama,152,PG-13,Universal Pictures,2004,10,29,2005,2,1,7.7,106171,Certified Fresh,81,Upright,87,yes,no,yes,no,no,no,Taylor Hackford,Jamie Foxx,Kerry Washington,Regina King,Clifton Powell,Harry Lennix,http://www.imdb.com/title/tt0350258/,//www.rottentomatoes.com/m/ray/
Coach Carter,Feature Film,Drama,136,PG-13,Paramount Pictures,2005,1,14,2005,6,21,7.2,88777,Fresh,65,Upright,85,no,no,no,no,no,no,Thomas Carter,Samuel L. Jackson,Rob Brown (VI),Robert Ri'chard,Rick Gonzalez,Nana Gbewonyo,http://www.imdb.com/title/tt0393162/,//www.rottentomatoes.com/m/coach_carter/
Training Day,Feature Film,Drama,122,R,Warner Bros. Pictures,2001,10,5,2004,6,1,7.7,294683,Fresh,72,Upright,89,no,no,yes,no,no,no,Antoine Fuqua,Denzel Washington,Ethan Hawke,Scott Glenn,Tom Berenger,Harris Yulin,http://www.imdb.com/title/tt0139654/,//www.rottentomatoes.com/m/training_day/
Saturday Night Fever,Feature Film,Drama,118,R,Paramount Pictures,1977,12,19,2002,8,9,6.8,51534,Certified Fresh,88,Upright,71,no,no,no,no,no,yes,John Badham,John Travolta,Karen Lynn Gorney,Donna Pescow,Barry Miller,Joseph Cali,http://www.imdb.com/title/tt0076666/,//www.rottentomatoes.com/m/saturday_night_fever/
The Mother,Feature Film,Drama,112,R,Sony Pictures Classics,2004,5,28,2004,10,12,6.9,3487,Certified Fresh,77,Upright,62,no,no,no,no,no,no,Roger Michell,Anne Reid,Daniel Craig,Cathryn Bradshaw,Steven Mackintosh,Peter Vaughan,http://www.imdb.com/title/tt0323298/,//www.rottentomatoes.com/m/1132642-mother/
Hairspray,Feature Film,Drama,92,PG,New Line Home Entertainment,1988,2,26,2002,11,5,6.9,15449,Fresh,97,Upright,80,no,no,no,no,no,no,John Waters,Divine,Ricki Lake,Sonny Bono,Ruth Brown,Vitamin C,http://www.imdb.com/title/tt0095270/,//www.rottentomatoes.com/m/1009096-hairspray/
Shooter,Feature Film,Drama,124,R,Paramount Pictures,2007,3,23,2007,6,26,7.2,247105,Rotten,48,Upright,80,no,no,no,no,no,no,Antoine Fuqua,Mark Wahlberg,Michael Pena,Danny Glover,Kate Mara,Elias Koteas,http://www.imdb.com/title/tt0822854/,//www.rottentomatoes.com/m/shooter/
Just Friends,Feature Film,Drama,96,PG-13,New Line Cinema,2005,11,23,2006,3,7,6.2,78297,Rotten,42,Upright,72,no,no,no,no,no,no,Roger  Kumble,Ryan Reynolds,Amy Smart,Anna Faris,Chris Klein,Christopher George Marquette,http://www.imdb.com/title/tt0433400/,//www.rottentomatoes.com/m/just_friends/
Over the Edge,Feature Film,Drama,95,PG,WARNER BROTHERS PICTURES,1979,1,1,2005,9,20,7.6,4369,Fresh,89,Upright,86,no,no,no,no,no,no,Jonathan Kaplan,Michael Eric Kramer,Pamela Ludwig,Matt Dillon,Vincent Spano,Debbie James,http://www.imdb.com/title/tt0079688/,//www.rottentomatoes.com/m/over_the_edge/
Monster,Feature Film,Drama,109,R,Newmarket Film Group,2004,1,9,2004,6,1,7.3,101850,Certified Fresh,82,Upright,81,no,no,no,yes,no,no,Patty Jenkins,Charlize Theron,Christina Ricci,Bruce Dern,Scott Wilson,Pruitt Taylor Vince,http://www.imdb.com/title/tt0340855/,//www.rottentomatoes.com/m/1128647-monster/
Jerry Maguire,Feature Film,Drama,139,R,TriStar Pictures,1996,12,13,1997,6,24,7.3,183717,Certified Fresh,85,Upright,79,yes,no,no,no,no,no,Cameron Crowe,Tom Cruise,Cuba Gooding Jr.,Renee Zellweger,Kelly Preston,Jerry O'Connell,http://www.imdb.com/title/tt0116695/,//www.rottentomatoes.com/m/jerry_maguire/
Felon,Feature Film,Drama,104,R,Sony Pictures Entertainment,2008,7,17,2008,7,18,7.5,64873,Rotten,59,Upright,82,no,no,no,no,no,no,Ric Roman Waugh,Val Kilmer,Harold Perrineau Jr.,Sam Shepard,Nick Chinlund,Marisol Nichols,http://www.imdb.com/title/tt1117385/,//www.rottentomatoes.com/m/10010077-felon/
On Golden Pond,Feature Film,Drama,109,PG,Twentieth Century Fox Home Entertainment,1981,12,4,2001,3,20,7.7,20738,Fresh,92,Upright,87,yes,no,yes,yes,no,yes,Mark Rydell,Henry Fonda,Katharine Hepburn,Jane Fonda,Dabney Coleman,Doug McKeon,http://www.imdb.com/title/tt0082846/,//www.rottentomatoes.com/m/on_golden_pond/
Undertaking Betty,Feature Film,Drama,94,PG-13,Miramax Films,2003,1,1,2006,3,7,6.7,4077,Rotten,40,Upright,66,no,no,no,no,no,no,Nich Hurran,Brenda Blethyn,Alfred Molina,Christopher Walken,Naomi Watts,Robert Pugh,http://www.imdb.com/title/tt0298504/,//www.rottentomatoes.com/m/undertaking_betty/
Taking Lives,Feature Film,Drama,103,R,Warner Bros.,2004,3,19,2004,8,17,6.2,63511,Rotten,22,Spilled,55,no,no,no,no,no,no,D.J. Caruso,Angelina Jolie,Ethan Hawke,Kiefer Sutherland,Gena Rowlands,Olivier Martinez,http://www.imdb.com/title/tt0364045/,//www.rottentomatoes.com/m/taking_lives/
The Illusionist (L'illusionniste),Feature Film,Drama,80,PG,Sony Pictures Classics,2010,12,25,2011,5,10,7.5,27601,Certified Fresh,90,Upright,79,no,no,no,no,no,no,Sylvain Chomet,Jean-Claude Donda,Eilidh Rankin,Duncan MacNeil,Raymond Mearns,NA,http://www.imdb.com/title/tt0775489/,//www.rottentomatoes.com/m/the_illusionist-2009/
Titanic,Feature Film,Drama,194,PG-13,Paramount Pictures,1997,12,19,2012,9,10,7.7,756602,Certified Fresh,88,Upright,69,yes,yes,no,yes,yes,yes,James Cameron,Leonardo DiCaprio,Kate Winslet,Billy Zane,Kathy Bates,Frances Fisher,http://www.imdb.com/title/tt0120338/,//www.rottentomatoes.com/m/titanic/
To The Wonder,Feature Film,Drama,112,R,Magnolia Pictures,2013,4,12,2013,8,6,6,19898,Rotten,46,Spilled,38,no,no,no,no,no,no,Terrence Malick,Ben Affleck,Olga Kurylenko,Rachel McAdams,Javier Bardem,Greg Elliot,http://www.imdb.com/title/tt1595656/,//www.rottentomatoes.com/m/to_the_wonder/
Snow Angels,Feature Film,Drama,107,R,Warner Independent,2007,1,19,2008,9,16,6.9,10786,Fresh,68,Upright,67,no,no,no,no,no,no,David Gordon Green,Kate Beckinsale,Sam Rockwell,Michael Angarano,Nicky Katt,Jeanetta Arnette,http://www.imdb.com/title/tt0453548/,//www.rottentomatoes.com/m/snow_angels/
Mrs. Dalloway,Feature Film,Drama,97,PG-13,BMG,1998,2,20,1999,9,28,6.9,2857,Fresh,71,Spilled,58,no,no,no,no,no,no,Marleen Gorris,Vanessa Redgrave,Michael Kitchen,Natascha McElhone,Alan Cox,John Standing,http://www.imdb.com/title/tt0119723/,//www.rottentomatoes.com/m/mrs_dalloway/
Saving Face,Feature Film,Drama,91,R,Sony Pictures Classics,2005,5,27,2005,10,18,7.6,7545,Certified Fresh,87,Upright,88,no,no,no,no,no,no,Alice Wu,Michelle Krusiec,Joan Chen,Lynn Chen,Jin Wang,Li Zhiyu,http://www.imdb.com/title/tt0384504/,//www.rottentomatoes.com/m/saving_face/
The Unbelievable Truth,Feature Film,Drama,90,R,Trimark,1990,6,1,2001,3,13,7.5,3448,Fresh,100,Upright,89,no,no,no,no,no,no,Hal Hartley,Adrienne Shelly,Robert John Burke,Chris Cooke,Christopher Cooke,Julia McNeal,http://www.imdb.com/title/tt0100842/,//www.rottentomatoes.com/m/unbelievable_truth/
Article 99,Feature Film,Drama,100,R,Orion Home Video,1992,3,13,2003,9,16,6,2441,Rotten,46,Spilled,55,no,no,yes,no,no,no,Howard Deutch,Ray Liotta,Kiefer Sutherland,Forest Whitaker,Lea Thompson,John Mahoney,http://www.imdb.com/title/tt0101371/,//www.rottentomatoes.com/m/article_99/
Great Balls of Fire,Feature Film,Drama,108,PG-13,Orion Pictures Corporation,1989,6,30,2002,6,4,6.2,12402,Fresh,63,Spilled,53,no,no,no,no,no,no,Jim McBride,Dennis Quaid,Winona Ryder,John Doe,Stephen Tobolowsky,Alec Baldwin,http://www.imdb.com/title/tt0097457/,//www.rottentomatoes.com/m/great_balls_of_fire/
The Big Red One,Feature Film,Drama,113,PG,United Artists,1980,5,28,1999,4,27,7.2,15025,Certified Fresh,91,Upright,78,no,no,yes,no,no,no,Samuel Fuller,Lee Marvin,Mark Hamill,Robert Carradine,Bobby Di Cicco,Kelly Ward,http://www.imdb.com/title/tt0080437/,//www.rottentomatoes.com/m/big_red_one/
Captain Phillips,Feature Film,Drama,134,PG-13,Sony Pictures,2013,10,11,2014,1,21,7.9,309896,Certified Fresh,93,Upright,89,yes,no,yes,no,no,no,Paul Greengrass,Tom Hanks,Catherine Keener,Barkhad Abdi,Michael Chernus,Corey Johnson,http://www.imdb.com/title/tt1535109/,//www.rottentomatoes.com/m/captain_phillips/
Bait,Feature Film,Drama,119,R,Warner Bros. Pictures,2000,9,15,2001,1,23,5.7,8818,Rotten,26,Spilled,41,no,no,yes,no,no,no,Antoine Fuqua,Jamie Foxx,David Morse,Robert Pastorelli,Doug Hutchison,Kimberly Elise,http://www.imdb.com/title/tt0211938/,//www.rottentomatoes.com/m/1100039-bait/
The Hunger Games,Feature Film,Drama,142,PG-13,Lionsgate,2012,3,23,2012,8,18,7.3,675907,Certified Fresh,84,Upright,81,no,no,no,yes,no,yes,Gary Ross,Jennifer Lawrence,Josh Hutcherson,Liam Hemsworth,Woody Harrelson,Elizabeth Banks,http://www.imdb.com/title/tt1392170/,//www.rottentomatoes.com/m/the_hunger_games/
Hell's Kitchen N.Y.C.,Feature Film,Drama,95,R,HK Film Corporation,1999,12,31,2004,5,11,4.9,2120,Rotten,40,Spilled,35,no,no,no,no,no,no,Tony Cinciripini,Mekhi Phifer,Rosanna Arquette,William Forsythe,Angelina Jolie,Johnny Whitworth,http://www.imdb.com/title/tt0129136/,//www.rottentomatoes.com/m/hells_kitchen_nyc/
The Lake House,Feature Film,Drama,99,PG,Warner Bros. Pictures,2006,6,16,2006,9,26,6.8,111132,Rotten,35,Upright,73,no,no,no,yes,no,no,Alejandro Agresti,Keanu Reeves,Sandra Bullock,Shohreh Aghdashloo,Dylan Walsh,Christopher Plummer,http://www.imdb.com/title/tt0410297/,//www.rottentomatoes.com/m/lake_house/
In the Name of the Father,Feature Film,Drama,133,R,Universal Pictures,1993,12,29,1998,7,7,8.1,103378,Certified Fresh,94,Upright,95,yes,no,yes,yes,no,no,Jim Sheridan,Daniel Day-Lewis,Pete Postlethwaite,Emma Thompson,Corin Redgrave,John Lynch,http://www.imdb.com/title/tt0107207/,//www.rottentomatoes.com/m/in_the_name_of_the_father/
Desperate Measures,Feature Film,Drama,100,R,Sony Pictures Home Entertainment,1997,6,1,1998,5,26,6.1,13682,Rotten,17,Spilled,37,no,no,no,no,no,no,Barbet Schroeder,Michael Keaton,Andy Garcia,Brian Cox,Marcia Gay Harden,Erik King,http://www.imdb.com/title/tt0118966/,//www.rottentomatoes.com/m/desperate_measures/
Eye of the Needle,Feature Film,Drama,112,R,MGM Home Entertainment,1981,7,24,2001,5,15,7.1,6946,Fresh,85,Upright,72,no,no,no,no,no,no,Richard Marquand,Donald Sutherland,Kate Nelligan,Ian Bannen,George Belbin,Stephen MacKenna,http://www.imdb.com/title/tt0082351/,//www.rottentomatoes.com/m/eye_of_the_needle/
Funny Lady,Feature Film,Drama,136,PG,Columbia Pictures,1975,3,7,2002,2,5,6.4,3584,Rotten,38,Spilled,55,no,no,no,yes,no,no,Herbert Ross,Barbra Streisand,James Caan,Omar Sharif,Roddy McDowall,Ben Vereen,http://www.imdb.com/title/tt0073026/,//www.rottentomatoes.com/m/funny_lady/
Capote,Feature Film,Drama,114,R,Sony Pictures Classics,2005,9,30,2006,3,14,7.4,96787,Certified Fresh,90,Upright,81,yes,no,yes,no,no,no,Bennett Miller,Philip Seymour Hoffman,Catherine Keener,Chris Cooper,Bruce Greenwood,Bob Balaban,http://www.imdb.com/title/tt0379725/,//www.rottentomatoes.com/m/1151898-capote/
Tarzan,Feature Film,Drama,88,G,Buena Vista Pictures,1999,6,16,2000,1,1,7.2,134270,Certified Fresh,88,Upright,74,no,no,no,no,no,no,Chris Buck,Tony Goldwyn,Glenn Close,Minnie Driver,Rosie O'Donnell,Lance Henriksen,http://www.imdb.com/title/tt0120855/,//www.rottentomatoes.com/m/tarzan/
Cocoon: The Return,Feature Film,Drama,116,PG,Fox,1988,11,23,2004,6,1,5.2,11657,Rotten,36,Spilled,35,no,no,no,no,no,no,Daniel Petrie,Don Ameche,Wilford Brimley,Hume Cronyn,Jack Gilford,Steve Guttenberg,http://www.imdb.com/title/tt0094890/,//www.rottentomatoes.com/m/cocoon_the_return/
Death Defying Acts,Feature Film,Drama,97,PG,Genius Productions,2008,7,11,2008,10,28,5.9,8345,Rotten,44,Spilled,26,no,no,no,no,no,no,Gillian Armstrong,Guy Pearce,Catherine Zeta-Jones,Timothy Spall,Saoirse Ronan,Jack Bailey,http://www.imdb.com/title/tt0472071/,//www.rottentomatoes.com/m/death_defying_acts/
